"agar","tp","strain","pop.x","treatE.x","cycle.x","Length.x","rep.x","pop.y","treatE.y","cycle.y","Length.y","rep.y","relTrans"
0.5,24,"MYb11","5","mono",4,2.73202488335925,"1","17","anc",0,2.17965163297045,"1",1.25342272225219
0.5,24,"MYb11","5","mono",4,2.73202488335925,"1","17","anc",0,2.80360497667185,"1",0.974468552485746
0.5,24,"MYb11","5","mono",4,2.73202488335925,"1","17","anc",0,2.94497356143079,"1",0.927690801418237
0.5,24,"MYb11","5","mono",4,2.8445132192846,"6","17","anc",0,2.17965163297045,"1",1.30503112344062
0.5,24,"MYb11","5","mono",4,2.8445132192846,"6","17","anc",0,2.80360497667185,"1",1.01459130046962
0.5,24,"MYb11","5","mono",4,2.8445132192846,"6","17","anc",0,2.94497356143079,"1",0.965887523249145
0.5,24,"MYb11","5","mono",4,2.95641368584759,"3","17","anc",0,2.17965163297045,"1",1.35636981668422
0.5,24,"MYb11","5","mono",4,2.95641368584759,"3","17","anc",0,2.80360497667185,"1",1.0545043650754
0.5,24,"MYb11","5","mono",4,2.95641368584759,"3","17","anc",0,2.94497356143079,"1",1.0038846272057
0.5,24,"MYb11","4","bi",4,0.526679626749611,"6","17","anc",0,2.17965163297045,"1",0.241634772631921
0.5,24,"MYb11","4","bi",4,0.526679626749611,"6","17","anc",0,2.80360497667185,"1",0.187858001085028
0.5,24,"MYb11","4","bi",4,0.526679626749611,"6","17","anc",0,2.94497356143079,"1",0.178840188464622
0.5,24,"MYb11","7","bi",10,1.52222239502333,"1","17","anc",0,2.17965163297045,"1",0.698378755576105
0.5,24,"MYb11","7","bi",10,1.52222239502333,"1","17","anc",0,2.80360497667185,"1",0.542951809434421
0.5,24,"MYb11","7","bi",10,1.52222239502333,"1","17","anc",0,2.94497356143079,"1",0.516888305877954
0.5,24,"MYb11","5","mono",4,2.77699222395023,"4","17","anc",0,2.17965163297045,"1",1.27405323949209
0.5,24,"MYb11","5","mono",4,2.77699222395023,"4","17","anc",0,2.80360497667185,"1",0.990507666756531
0.5,24,"MYb11","5","mono",4,2.77699222395023,"4","17","anc",0,2.94497356143079,"1",0.942959984537536
0.5,24,"MYb11","13","mono",10,2.13454898911353,"2","17","anc",0,2.17965163297045,"1",0.979307407122002
0.5,24,"MYb11","13","mono",10,2.13454898911353,"2","17","anc",0,2.80360497667185,"1",0.76135868172393
0.5,24,"MYb11","13","mono",10,2.13454898911353,"2","17","anc",0,2.94497356143079,"1",0.724810917513458
0.5,24,"MYb11","4","bi",4,3.023766718507,"4","17","anc",0,2.17965163297045,"1",1.38727064121994
0.5,24,"MYb11","4","bi",4,3.023766718507,"4","17","anc",0,2.80360497667185,"1",1.0785280892519
0.5,24,"MYb11","4","bi",4,3.023766718507,"4","17","anc",0,2.94497356143079,"1",1.02675513223892
0.5,24,"MYb11","4","bi",4,2.27099533437014,"1","17","anc",0,2.17965163297045,"1",1.04190747733169
0.5,24,"MYb11","4","bi",4,2.27099533437014,"1","17","anc",0,2.80360497667185,"1",0.810026859442242
0.5,24,"MYb11","4","bi",4,2.27099533437014,"1","17","anc",0,2.94497356143079,"1",0.771142859858747
0.5,24,"MYb11","5","mono",4,2.35380559875583,"5","17","anc",0,2.17965163297045,"1",1.07989990838492
0.5,24,"MYb11","5","mono",4,2.35380559875583,"5","17","anc",0,2.80360497667185,"1",0.839563925139706
0.5,24,"MYb11","5","mono",4,2.35380559875583,"5","17","anc",0,2.94497356143079,"1",0.799262047572425
0.5,24,"MYb11","5","mono",4,3.20299222395023,"2","17","anc",0,2.17965163297045,"1",1.46949731576379
0.5,24,"MYb11","5","mono",4,3.20299222395023,"2","17","anc",0,2.80360497667185,"1",1.1424548931114
0.5,24,"MYb11","5","mono",4,3.20299222395023,"2","17","anc",0,2.94497356143079,"1",1.08761323561563
0.5,24,"MYb11","4","bi",4,1.24930637636081,"5","17","anc",0,2.17965163297045,"1",0.573167912460507
0.5,24,"MYb11","4","bi",4,1.24930637636081,"5","17","anc",0,2.80360497667185,"1",0.445607133228825
0.5,24,"MYb11","4","bi",4,1.24930637636081,"5","17","anc",0,2.94497356143079,"1",0.424216499843157
0.5,24,"MYb11","4","bi",4,0.394077760497667,"2","17","anc",0,2.17965163297045,"1",0.180798506759823
0.5,24,"MYb11","4","bi",4,0.394077760497667,"2","17","anc",0,2.80360497667185,"1",0.140561086093332
0.5,24,"MYb11","4","bi",4,0.394077760497667,"2","17","anc",0,2.94497356143079,"1",0.13381368364686
0.5,24,"MYb11","7","bi",10,0.363811819595645,"2","17","anc",0,2.17965163297045,"1",0.166912828679801
0.5,24,"MYb11","7","bi",10,0.363811819595645,"2","17","anc",0,2.80360497667185,"1",0.129765720428819
0.5,24,"MYb11","7","bi",10,0.363811819595645,"2","17","anc",0,2.94497356143079,"1",0.123536531655276
0.5,24,"MYb11","13","mono",10,1.55224572317263,"4","17","anc",0,2.17965163297045,"1",0.712153125615405
0.5,24,"MYb11","13","mono",10,1.55224572317263,"4","17","anc",0,2.80360497667185,"1",0.553660639101623
0.5,24,"MYb11","13","mono",10,1.55224572317263,"4","17","anc",0,2.94497356143079,"1",0.527083075889646
0.5,24,"MYb11","13","mono",10,0.653906687402799,"1","17","anc",0,2.17965163297045,"1",0.300005137294187
0.5,24,"MYb11","13","mono",10,0.653906687402799,"1","17","anc",0,2.80360497667185,"1",0.233237810905533
0.5,24,"MYb11","13","mono",10,0.653906687402799,"1","17","anc",0,2.94497356143079,"1",0.222041615573996
0.5,24,"MYb11","4","bi",4,2.02291912908243,"3","17","anc",0,2.17965163297045,"1",0.92809286515459
0.5,24,"MYb11","4","bi",4,2.02291912908243,"3","17","anc",0,2.80360497667185,"1",0.721542138038229
0.5,24,"MYb11","4","bi",4,2.02291912908243,"3","17","anc",0,2.94497356143079,"1",0.686905701149862
0.5,24,"MYb11","7","bi",10,1.61049144634526,"3","17","anc",0,2.17965163297045,"1",0.738875617545572
0.5,24,"MYb11","7","bi",10,1.61049144634526,"3","17","anc",0,2.80360497667185,"1",0.574435935071376
0.5,24,"MYb11","7","bi",10,1.61049144634526,"3","17","anc",0,2.94497356143079,"1",0.546861088139213
0.5,24,"MYb11","13","mono",10,1.66316174183515,"5","17","anc",0,2.17965163297045,"1",0.763040165078387
0.5,24,"MYb11","13","mono",10,1.66316174183515,"5","17","anc",0,2.80360497667185,"1",0.593222567256776
0.5,24,"MYb11","13","mono",10,1.66316174183515,"5","17","anc",0,2.94497356143079,"1",0.564745899120097
0.5,24,"MYb11","13","mono",10,2.20840590979782,"3","17","anc",0,2.17965163297045,"1",1.01319214336476
0.5,24,"MYb11","13","mono",10,2.20840590979782,"3","17","anc",0,2.80360497667185,"1",0.787702236289869
0.5,24,"MYb11","13","mono",10,2.20840590979782,"3","17","anc",0,2.94497356143079,"1",0.749889893315336
0.5,24,"MYb11","7","bi",10,0.364404354587869,"5","17","anc",0,2.17965163297045,"1",0.167184677163871
0.5,24,"MYb11","7","bi",10,0.364404354587869,"5","17","anc",0,2.80360497667185,"1",0.129977067960713
0.5,24,"MYb11","7","bi",10,0.364404354587869,"5","17","anc",0,2.94497356143079,"1",0.123737733798475
0.5,24,"MYb11","7","bi",10,1.56652721617418,"4","17","anc",0,2.17965163297045,"1",0.718705316243268
0.5,24,"MYb11","7","bi",10,1.56652721617418,"4","17","anc",0,2.80360497667185,"1",0.558754613866395
0.5,24,"MYb11","7","bi",10,1.56652721617418,"4","17","anc",0,2.94497356143079,"1",0.531932522821393
0.5,24,"MYb11","13","mono",10,1.17989113530327,"6","17","anc",0,2.17965163297045,"1",0.541320969578656
0.5,24,"MYb11","13","mono",10,1.17989113530327,"6","17","anc",0,2.80360497667185,"1",0.42084785307519
0.5,24,"MYb11","13","mono",10,1.17989113530327,"6","17","anc",0,2.94497356143079,"1",0.400645747980849
0.5,24,"MYb11","7","bi",10,0.366317262830482,"6","17","anc",0,2.17965163297045,"1",0.168062298254176
0.5,24,"MYb11","7","bi",10,0.366317262830482,"6","17","anc",0,2.80360497667185,"1",0.130659371016432
0.5,24,"MYb11","7","bi",10,0.366317262830482,"6","17","anc",0,2.94497356143079,"1",0.12438728402455
3.4,168,"MYb11","5","mono",4,1.23778693623639,"2","17","anc",0,0.933704510108865,"1",1.32567308268873
3.4,168,"MYb11","5","mono",4,1.23778693623639,"2","17","anc",0,0.914094867807154,"1",1.35411211661843
3.4,168,"MYb11","5","mono",4,1.23778693623639,"2","17","anc",0,1.02100311041991,"1",1.21232435396532
3.4,168,"MYb11","4","bi",4,1.03348133748056,"5","17","anc",0,0.933704510108865,"1",1.10686124602746
3.4,168,"MYb11","4","bi",4,1.03348133748056,"5","17","anc",0,0.914094867807154,"1",1.130606213729
3.4,168,"MYb11","4","bi",4,1.03348133748056,"5","17","anc",0,1.02100311041991,"1",1.01222153677428
3.4,168,"MYb11","4","bi",4,0.812827371695179,"2","17","anc",0,0.933704510108865,"1",0.870540265035678
3.4,168,"MYb11","4","bi",4,0.812827371695179,"2","17","anc",0,0.914094867807154,"1",0.889215551166031
3.4,168,"MYb11","4","bi",4,0.812827371695179,"2","17","anc",0,1.02100311041991,"1",0.7961066556995
3.4,168,"MYb11","5","mono",4,0.899314152410575,"3","17","anc",0,0.933704510108865,"1",0.963167835941716
3.4,168,"MYb11","5","mono",4,0.899314152410575,"3","17","anc",0,0.914094867807154,"1",0.983830217281455
3.4,168,"MYb11","5","mono",4,0.899314152410575,"3","17","anc",0,1.02100311041991,"1",0.880814312152992
3.4,168,"MYb11","4","bi",4,0.935769051321929,"6","17","anc",0,0.933704510108865,"1",1.00221112909996
3.4,168,"MYb11","4","bi",4,0.935769051321929,"6","17","anc",0,0.914094867807154,"1",1.02371108763226
3.4,168,"MYb11","4","bi",4,0.935769051321929,"6","17","anc",0,1.02100311041991,"1",0.916519295359518
3.4,168,"MYb11","4","bi",4,0.975667185069984,"3","17","anc",0,0.933704510108865,"1",1.04494213587576
3.4,168,"MYb11","4","bi",4,0.975667185069984,"3","17","anc",0,0.914094867807154,"1",1.06735878236636
3.4,168,"MYb11","4","bi",4,0.975667185069984,"3","17","anc",0,1.02100311041991,"1",0.955596682431969
3.4,168,"MYb11","5","mono",4,1.32357387247278,"4","17","anc",0,0.933704510108865,"1",1.41755111830665
3.4,168,"MYb11","5","mono",4,1.32357387247278,"4","17","anc",0,0.914094867807154,"1",1.4479611680218
3.4,168,"MYb11","5","mono",4,1.32357387247278,"4","17","anc",0,1.02100311041991,"1",1.29634656247858
3.4,168,"MYb11","5","mono",4,1.13711197511664,"1","17","anc",0,0.933704510108865,"1",1.21784993304151
3.4,168,"MYb11","5","mono",4,1.13711197511664,"1","17","anc",0,0.914094867807154,"1",1.24397588824067
3.4,168,"MYb11","5","mono",4,1.13711197511664,"1","17","anc",0,1.02100311041991,"1",1.11372038293692
3.4,168,"MYb11","4","bi",4,0.835026438569207,"4","17","anc",0,0.933704510108865,"1",0.894315524374888
3.4,168,"MYb11","4","bi",4,0.835026438569207,"4","17","anc",0,0.914094867807154,"1",0.91350084983233
3.4,168,"MYb11","4","bi",4,0.835026438569207,"4","17","anc",0,1.02100311041991,"1",0.817849064363562
3.4,168,"MYb11","4","bi",4,0.952749611197512,"1","17","anc",0,0.933704510108865,"1",1.02039735364074
3.4,168,"MYb11","4","bi",4,0.952749611197512,"1","17","anc",0,0.914094867807154,"1",1.04228745259569
3.4,168,"MYb11","4","bi",4,0.952749611197512,"1","17","anc",0,1.02100311041991,"1",0.933150547215939
3.4,168,"MYb11","5","mono",4,0.891888802488336,"5","17","anc",0,0.933704510108865,"1",0.955215266534749
3.4,168,"MYb11","5","mono",4,0.891888802488336,"5","17","anc",0,0.914094867807154,"1",0.97570704518658
3.4,168,"MYb11","5","mono",4,0.891888802488336,"5","17","anc",0,1.02100311041991,"1",0.873541709507163
3.4,168,"MYb11","13","mono",10,1.43706531881804,"3","17","anc",0,0.933704510108865,"1",1.53910075753033
3.4,168,"MYb11","13","mono",10,1.43706531881804,"3","17","anc",0,0.914094867807154,"1",1.57211835382629
3.4,168,"MYb11","13","mono",10,1.43706531881804,"3","17","anc",0,1.02100311041991,"1",1.40750337011904
3.4,168,"MYb11","7","bi",10,1.30182270606532,"6","17","anc",0,0.933704510108865,"1",1.39425556155184
3.4,168,"MYb11","7","bi",10,1.30182270606532,"6","17","anc",0,0.914094867807154,"1",1.42416586277122
3.4,168,"MYb11","7","bi",10,1.30182270606532,"6","17","anc",0,1.02100311041991,"1",1.27504284049626
3.4,168,"MYb11","7","bi",10,1.41844479004666,"3","17","anc",0,0.933704510108865,"1",1.51915812196438
3.4,168,"MYb11","7","bi",10,1.41844479004666,"3","17","anc",0,0.914094867807154,"1",1.55174789838762
3.4,168,"MYb11","7","bi",10,1.41844479004666,"3","17","anc",0,1.02100311041991,"1",1.38926588525601
3.4,168,"MYb11","5","mono",4,1.1903234836703,"6","17","anc",0,0.933704510108865,"1",1.27483959944834
3.4,168,"MYb11","5","mono",4,1.1903234836703,"6","17","anc",0,0.914094867807154,"1",1.30218812684705
3.4,168,"MYb11","5","mono",4,1.1903234836703,"6","17","anc",0,1.02100311041991,"1",1.16583727465899
3.4,168,"MYb11","13","mono",10,1.42468273716952,"4","17","anc",0,0.933704510108865,"1",1.5258389798325
3.4,168,"MYb11","13","mono",10,1.42468273716952,"4","17","anc",0,0.914094867807154,"1",1.55857207752104
3.4,168,"MYb11","13","mono",10,1.42468273716952,"4","17","anc",0,1.02100311041991,"1",1.39537551122992
3.4,168,"MYb11","13","mono",10,1.97682737169518,"1","17","anc",0,0.933704510108865,"1",2.11718734384681
3.4,168,"MYb11","13","mono",10,1.97682737169518,"1","17","anc",0,0.914094867807154,"1",2.16260635664375
3.4,168,"MYb11","13","mono",10,1.97682737169518,"1","17","anc",0,1.02100311041991,"1",1.93616194850001
3.4,168,"MYb11","7","bi",10,0.881654743390358,"4","17","anc",0,0.933704510108865,"1",0.944254562171454
3.4,168,"MYb11","7","bi",10,0.881654743390358,"4","17","anc",0,0.914094867807154,"1",0.964511206047335
3.4,168,"MYb11","7","bi",10,0.881654743390358,"4","17","anc",0,1.02100311041991,"1",0.863518175794548
3.4,168,"MYb11","7","bi",10,1.39428149300156,"1","17","anc",0,0.933704510108865,"1",1.49327916691651
3.4,168,"MYb11","7","bi",10,1.39428149300156,"1","17","anc",0,0.914094867807154,"1",1.52531377442949
3.4,168,"MYb11","7","bi",10,1.39428149300156,"1","17","anc",0,1.02100311041991,"1",1.36559965270638
3.4,168,"MYb11","13","mono",10,1.17538880248834,"5","17","anc",0,0.933704510108865,"1",1.25884451639983
3.4,168,"MYb11","13","mono",10,1.17538880248834,"5","17","anc",0,0.914094867807154,"1",1.28584990889185
3.4,168,"MYb11","13","mono",10,1.17538880248834,"5","17","anc",0,1.02100311041991,"1",1.1512098156145
3.4,168,"MYb11","13","mono",10,1.49119129082426,"2","17","anc",0,0.933704510108865,"1",1.59706981671364
3.4,168,"MYb11","13","mono",10,1.49119129082426,"2","17","anc",0,0.914094867807154,"1",1.63133099565641
3.4,168,"MYb11","13","mono",10,1.49119129082426,"2","17","anc",0,1.02100311041991,"1",1.46051591381635
3.4,168,"MYb11","7","bi",10,0.83852566096423,"5","17","anc",0,0.933704510108865,"1",0.898063200815494
3.4,168,"MYb11","7","bi",10,0.83852566096423,"5","17","anc",0,0.914094867807154,"1",0.917328923392592
3.4,168,"MYb11","7","bi",10,0.83852566096423,"5","17","anc",0,1.02100311041991,"1",0.821276304064706
3.4,168,"MYb11","7","bi",10,0.825293934681182,"2","17","anc",0,0.933704510108865,"1",0.88389198696808
3.4,168,"MYb11","7","bi",10,0.825293934681182,"2","17","anc",0,0.914094867807154,"1",0.902853701236723
3.4,168,"MYb11","7","bi",10,0.825293934681182,"2","17","anc",0,1.02100311041991,"1",0.808316768341444
3.4,168,"MYb11","13","mono",10,1.40141524105754,"6","17","anc",0,0.933704510108865,"1",1.50091942995343
3.4,168,"MYb11","13","mono",10,1.40141524105754,"6","17","anc",0,0.914094867807154,"1",1.53311794039434
3.4,168,"MYb11","13","mono",10,1.40141524105754,"6","17","anc",0,1.02100311041991,"1",1.37258665204378
3.4,24,"MYb11","5","mono",4,0.389160186625194,"4","17","anc",0,0.402998444790047,"1",0.965661757895712
3.4,24,"MYb11","5","mono",4,0.389160186625194,"4","17","anc",0,0.405909797822706,"1",0.958735632183908
3.4,24,"MYb11","5","mono",4,0.389160186625194,"4","17","anc",0,0.380239502332815,"1",1.02346069842205
3.4,24,"MYb11","4","bi",4,0.34795800933126,"2","17","anc",0,0.402998444790047,"1",0.86342271001204
3.4,24,"MYb11","4","bi",4,0.34795800933126,"2","17","anc",0,0.405909797822706,"1",0.857229885057471
3.4,24,"MYb11","4","bi",4,0.34795800933126,"2","17","anc",0,0.380239502332815,"1",0.915102211097205
3.4,24,"MYb11","5","mono",4,0.395066874027994,"6","17","anc",0,0.402998444790047,"1",0.980318607020469
3.4,24,"MYb11","5","mono",4,0.395066874027994,"6","17","anc",0,0.405909797822706,"1",0.973287356321839
3.4,24,"MYb11","5","mono",4,0.395066874027994,"6","17","anc",0,0.380239502332815,"1",1.03899482195882
3.4,24,"MYb11","5","mono",4,0.361712286158631,"3","17","anc",0,0.402998444790047,"1",0.897552560896545
3.4,24,"MYb11","5","mono",4,0.361712286158631,"3","17","anc",0,0.405909797822706,"1",0.891114942528736
3.4,24,"MYb11","5","mono",4,0.361712286158631,"3","17","anc",0,0.380239502332815,"1",0.951274877911114
3.4,24,"MYb11","4","bi",4,0.382600311041991,"3","17","anc",0,0.402998444790047,"1",0.949384088172641
3.4,24,"MYb11","4","bi",4,0.382600311041991,"3","17","anc",0,0.405909797822706,"1",0.942574712643678
3.4,24,"MYb11","4","bi",4,0.382600311041991,"3","17","anc",0,0.380239502332815,"1",1.00620874131881
3.4,24,"MYb11","13","mono",10,0.348326594090202,"5","17","anc",0,0.402998444790047,"1",0.864337315921089
3.4,24,"MYb11","13","mono",10,0.348326594090202,"5","17","anc",0,0.405909797822706,"1",0.858137931034483
3.4,24,"MYb11","13","mono",10,0.348326594090202,"5","17","anc",0,0.380239502332815,"1",0.916071560038283
3.4,24,"MYb11","5","mono",4,0.374720062208398,"1","17","anc",0,0.402998444790047,"1",0.929830045382977
3.4,24,"MYb11","5","mono",4,0.374720062208398,"1","17","anc",0,0.405909797822706,"1",0.92316091954023
3.4,24,"MYb11","5","mono",4,0.374720062208398,"1","17","anc",0,0.380239502332815,"1",0.985484306363346
3.4,24,"MYb11","4","bi",4,0.348569206842924,"4","17","anc",0,0.402998444790047,"1",0.864939335000463
3.4,24,"MYb11","4","bi",4,0.348569206842924,"4","17","anc",0,0.405909797822706,"1",0.858735632183908
3.4,24,"MYb11","4","bi",4,0.348569206842924,"4","17","anc",0,0.380239502332815,"1",0.916709612505828
3.4,24,"MYb11","4","bi",4,0.360242612752722,"1","17","anc",0,0.402998444790047,"1",0.893905714550338
3.4,24,"MYb11","4","bi",4,0.360242612752722,"1","17","anc",0,0.405909797822706,"1",0.887494252873563
3.4,24,"MYb11","4","bi",4,0.360242612752722,"1","17","anc",0,0.380239502332815,"1",0.947409752386561
3.4,24,"MYb11","5","mono",4,0.380197511664075,"5","17","anc",0,0.402998444790047,"1",0.943421783828841
3.4,24,"MYb11","5","mono",4,0.380197511664075,"5","17","anc",0,0.405909797822706,"1",0.936655172413793
3.4,24,"MYb11","5","mono",4,0.380197511664075,"5","17","anc",0,0.380239502332815,"1",0.999889567842156
3.4,24,"MYb11","5","mono",4,0.378858475894246,"2","17","anc",0,0.402998444790047,"1",0.940099101602297
3.4,24,"MYb11","5","mono",4,0.378858475894246,"2","17","anc",0,0.405909797822706,"1",0.93335632183908
3.4,24,"MYb11","5","mono",4,0.378858475894246,"2","17","anc",0,0.380239502332815,"1",0.996368009030896
3.4,24,"MYb11","4","bi",4,0.392365474339036,"5","17","anc",0,0.402998444790047,"1",0.97361535611744
3.4,24,"MYb11","4","bi",4,0.392365474339036,"5","17","anc",0,0.405909797822706,"1",0.966632183908046
3.4,24,"MYb11","4","bi",4,0.392365474339036,"5","17","anc",0,0.380239502332815,"1",1.0318903531375
3.4,24,"MYb11","7","bi",10,0.36150233281493,"3","17","anc",0,0.402998444790047,"1",0.897031582847087
3.4,24,"MYb11","7","bi",10,0.36150233281493,"3","17","anc",0,0.405909797822706,"1",0.890597701149425
3.4,24,"MYb11","7","bi",10,0.36150233281493,"3","17","anc",0,0.380239502332815,"1",0.950722717121892
3.4,24,"MYb11","7","bi",10,0.383603421461897,"1","17","anc",0,0.402998444790047,"1",0.951873205520052
3.4,24,"MYb11","7","bi",10,0.383603421461897,"1","17","anc",0,0.405909797822706,"1",0.945045977011494
3.4,24,"MYb11","7","bi",10,0.383603421461897,"1","17","anc",0,0.380239502332815,"1",1.00884684286731
3.4,24,"MYb11","13","mono",10,0.416155520995334,"4","17","anc",0,0.402998444790047,"1",1.03264795776605
3.4,24,"MYb11","13","mono",10,0.416155520995334,"4","17","anc",0,0.405909797822706,"1",1.02524137931034
3.4,24,"MYb11","13","mono",10,0.416155520995334,"4","17","anc",0,0.380239502332815,"1",1.09445630567621
3.4,24,"MYb11","4","bi",4,0.358688958009331,"6","17","anc",0,0.402998444790047,"1",0.890050476984347
3.4,24,"MYb11","4","bi",4,0.358688958009331,"6","17","anc",0,0.405909797822706,"1",0.883666666666667
3.4,24,"MYb11","4","bi",4,0.358688958009331,"6","17","anc",0,0.380239502332815,"1",0.94332376254632
3.4,24,"MYb11","7","bi",10,0.388306376360809,"4","17","anc",0,0.402998444790047,"1",0.963543113827915
3.4,24,"MYb11","7","bi",10,0.388306376360809,"4","17","anc",0,0.405909797822706,"1",0.956632183908046
3.4,24,"MYb11","7","bi",10,0.388306376360809,"4","17","anc",0,0.380239502332815,"1",1.02121524454588
3.4,24,"MYb11","7","bi",10,0.366079315707621,"2","17","anc",0,0.402998444790047,"1",0.908388904325276
3.4,24,"MYb11","7","bi",10,0.366079315707621,"2","17","anc",0,0.405909797822706,"1",0.901873563218391
3.4,24,"MYb11","7","bi",10,0.366079315707621,"2","17","anc",0,0.380239502332815,"1",0.962759822326928
3.4,24,"MYb11","13","mono",10,0.387933125972006,"6","17","anc",0,0.402998444790047,"1",0.962616930628878
3.4,24,"MYb11","13","mono",10,0.387933125972006,"6","17","anc",0,0.405909797822706,"1",0.955712643678161
3.4,24,"MYb11","13","mono",10,0.387933125972006,"6","17","anc",0,0.380239502332815,"1",1.02023362536504
3.4,24,"MYb11","13","mono",10,0.44694867807154,"2","17","anc",0,0.402998444790047,"1",1.10905807168658
3.4,24,"MYb11","13","mono",10,0.44694867807154,"2","17","anc",0,0.405909797822706,"1",1.10110344827586
3.4,24,"MYb11","13","mono",10,0.44694867807154,"2","17","anc",0,0.380239502332815,"1",1.17543988809541
3.4,24,"MYb11","7","bi",10,0.368169517884914,"5","17","anc",0,0.402998444790047,"1",0.913575530239881
3.4,24,"MYb11","7","bi",10,0.368169517884914,"5","17","anc",0,0.405909797822706,"1",0.907022988505747
3.4,24,"MYb11","7","bi",10,0.368169517884914,"5","17","anc",0,0.380239502332815,"1",0.968256889739626
3.4,24,"MYb11","13","mono",10,0.408149300155521,"3","17","anc",0,0.402998444790047,"1",1.01278132814671
3.4,24,"MYb11","13","mono",10,0.408149300155521,"3","17","anc",0,0.405909797822706,"1",1.00551724137931
3.4,24,"MYb11","13","mono",10,0.408149300155521,"3","17","anc",0,0.380239502332815,"1",1.07340057424722
3.4,24,"MYb11","7","bi",10,0.372765163297045,"6","17","anc",0,0.402998444790047,"1",0.924979160878022
3.4,24,"MYb11","7","bi",10,0.372765163297045,"6","17","anc",0,0.405909797822706,"1",0.918344827586207
3.4,24,"MYb11","7","bi",10,0.372765163297045,"6","17","anc",0,0.380239502332815,"1",0.980343075903703
3.4,24,"MYb11","13","mono",10,0.436903576982893,"1","17","anc",0,0.402998444790047,"1",1.0841321663425
3.4,24,"MYb11","13","mono",10,0.436903576982893,"1","17","anc",0,0.405909797822706,"1",1.07635632183908
3.4,24,"MYb11","13","mono",10,0.436903576982893,"1","17","anc",0,0.380239502332815,"1",1.14902206189109
3.4,72,"MYb11","5","mono",4,0.667147744945568,"2","17","anc",0,0.528508553654743,"1",1.26232156571943
3.4,72,"MYb11","5","mono",4,0.667147744945568,"2","17","anc",0,0.548888024883359,"1",1.21545327043223
3.4,72,"MYb11","5","mono",4,0.667147744945568,"2","17","anc",0,0.556908242612753,"1",1.19794913039107
3.4,72,"MYb11","4","bi",4,0.560188180404355,"5","17","anc",0,0.528508553654743,"1",1.05994155918677
3.4,72,"MYb11","4","bi",4,0.560188180404355,"5","17","anc",0,0.548888024883359,"1",1.0205873602788
3.4,72,"MYb11","4","bi",4,0.560188180404355,"5","17","anc",0,0.556908242612753,"1",1.0058895479374
3.4,72,"MYb11","4","bi",4,0.502133748055988,"2","17","anc",0,0.528508553654743,"1",0.950095782903855
3.4,72,"MYb11","4","bi",4,0.502133748055988,"2","17","anc",0,0.548888024883359,"1",0.914820009350163
3.4,72,"MYb11","4","bi",4,0.502133748055988,"2","17","anc",0,0.556908242612753,"1",0.901645387218927
3.4,72,"MYb11","5","mono",4,0.653164852255054,"6","17","anc",0,0.528508553654743,"1",1.23586429725363
3.4,72,"MYb11","5","mono",4,0.653164852255054,"6","17","anc",0,0.548888024883359,"1",1.18997832462068
3.4,72,"MYb11","5","mono",4,0.653164852255054,"6","17","anc",0,0.556908242612753,"1",1.17284105760531
3.4,72,"MYb11","5","mono",4,0.539108864696734,"3","17","anc",0,0.528508553654743,"1",1.02005702834644
3.4,72,"MYb11","5","mono",4,0.539108864696734,"3","17","anc",0,0.548888024883359,"1",0.982183688214544
3.4,72,"MYb11","5","mono",4,0.539108864696734,"3","17","anc",0,0.556908242612753,"1",0.968038939713817
3.4,72,"MYb11","4","bi",4,0.519289269051322,"6","17","anc",0,0.528508553654743,"1",0.982556035205735
3.4,72,"MYb11","4","bi",4,0.519289269051322,"6","17","anc",0,0.548888024883359,"1",0.946075056313485
3.4,72,"MYb11","4","bi",4,0.519289269051322,"6","17","anc",0,0.556908242612753,"1",0.93245032002949
3.4,72,"MYb11","4","bi",4,0.572281493001555,"3","17","anc",0,0.528508553654743,"1",1.08282352110314
3.4,72,"MYb11","4","bi",4,0.572281493001555,"3","17","anc",0,0.548888024883359,"1",1.04261974584555
3.4,72,"MYb11","4","bi",4,0.572281493001555,"3","17","anc",0,0.556908242612753,"1",1.02760463791428
3.4,72,"MYb11","7","bi",10,0.735783825816485,"1","17","anc",0,0.528508553654743,"1",1.39218905867917
3.4,72,"MYb11","7","bi",10,0.735783825816485,"1","17","anc",0,0.548888024883359,"1",1.34049895873178
3.4,72,"MYb11","7","bi",10,0.735783825816485,"1","17","anc",0,0.556908242612753,"1",1.32119399483932
3.4,72,"MYb11","5","mono",4,0.657620528771384,"4","17","anc",0,0.528508553654743,"1",1.24429495837637
3.4,72,"MYb11","5","mono",4,0.657620528771384,"4","17","anc",0,0.548888024883359,"1",1.19809596667942
3.4,72,"MYb11","5","mono",4,0.657620528771384,"4","17","anc",0,0.556908242612753,"1",1.18084179484602
3.4,72,"MYb11","5","mono",4,0.647547433903577,"1","17","anc",0,0.528508553654743,"1",1.22523548469681
3.4,72,"MYb11","5","mono",4,0.647547433903577,"1","17","anc",0,0.548888024883359,"1",1.17974414552255
3.4,72,"MYb11","5","mono",4,0.647547433903577,"1","17","anc",0,0.556908242612753,"1",1.16275426426728
3.4,72,"MYb11","4","bi",4,0.545272161741835,"4","17","anc",0,0.528508553654743,"1",1.03171870723978
3.4,72,"MYb11","4","bi",4,0.545272161741835,"4","17","anc",0,0.548888024883359,"1",0.993412384716732
3.4,72,"MYb11","4","bi",4,0.545272161741835,"4","17","anc",0,0.556908242612753,"1",0.97910592808552
3.4,72,"MYb11","4","bi",4,0.575356143079316,"1","17","anc",0,0.528508553654743,"1",1.08864111867369
3.4,72,"MYb11","4","bi",4,0.575356143079316,"1","17","anc",0,0.548888024883359,"1",1.04822134387352
3.4,72,"MYb11","4","bi",4,0.575356143079316,"1","17","anc",0,0.556908242612753,"1",1.03312556549713
3.4,72,"MYb11","5","mono",4,0.512603421461897,"5","17","anc",0,0.528508553654743,"1",0.96990562956293
3.4,72,"MYb11","5","mono",4,0.512603421461897,"5","17","anc",0,0.548888024883359,"1",0.933894343151005
3.4,72,"MYb11","5","mono",4,0.512603421461897,"5","17","anc",0,0.556908242612753,"1",0.920445025300761
3.4,72,"MYb11","13","mono",10,0.768433903576983,"3","17","anc",0,0.528508553654743,"1",1.45396682468639
3.4,72,"MYb11","13","mono",10,0.768433903576983,"3","17","anc",0,0.548888024883359,"1",1.39998299970249
3.4,72,"MYb11","13","mono",10,0.768433903576983,"3","17","anc",0,0.556908242612753,"1",1.37982138668275
3.4,72,"MYb11","7","bi",10,0.662444790046656,"6","17","anc",0,0.528508553654743,"1",1.25342302497418
3.4,72,"MYb11","7","bi",10,0.662444790046656,"6","17","anc",0,0.548888024883359,"1",1.20688512048961
3.4,72,"MYb11","7","bi",10,0.662444790046656,"6","17","anc",0,0.556908242612753,"1",1.18950437317784
3.4,72,"MYb11","7","bi",10,0.695808709175739,"3","17","anc",0,0.528508553654743,"1",1.31655146234452
3.4,72,"MYb11","7","bi",10,0.695808709175739,"3","17","anc",0,0.548888024883359,"1",1.26766968421947
3.4,72,"MYb11","7","bi",10,0.695808709175739,"3","17","anc",0,0.556908242612753,"1",1.24941355852686
3.4,72,"MYb11","7","bi",10,0.516905132192846,"2","17","anc",0,0.528508553654743,"1",0.978044969411266
3.4,72,"MYb11","7","bi",10,0.516905132192846,"2","17","anc",0,0.548888024883359,"1",0.941731480300905
3.4,72,"MYb11","7","bi",10,0.516905132192846,"2","17","anc",0,0.556908242612753,"1",0.928169297275561
3.4,72,"MYb11","13","mono",10,0.76042768273717,"4","17","anc",0,0.528508553654743,"1",1.43881811841768
3.4,72,"MYb11","13","mono",10,0.76042768273717,"4","17","anc",0,0.548888024883359,"1",1.38539674444303
3.4,72,"MYb11","13","mono",10,0.76042768273717,"4","17","anc",0,0.556908242612753,"1",1.36544519285547
3.4,72,"MYb11","13","mono",10,0.928096423017107,"1","17","anc",0,0.528508553654743,"1",1.75606698623728
3.4,72,"MYb11","13","mono",10,0.928096423017107,"1","17","anc",0,0.548888024883359,"1",1.69086659016533
3.4,72,"MYb11","13","mono",10,0.928096423017107,"1","17","anc",0,0.556908242612753,"1",1.66651586743072
3.4,72,"MYb11","7","bi",10,0.527024883359253,"4","17","anc",0,0.528508553654743,"1",0.99719272226489
3.4,72,"MYb11","7","bi",10,0.527024883359253,"4","17","anc",0,0.548888024883359,"1",0.960168302945301
3.4,72,"MYb11","7","bi",10,0.527024883359253,"4","17","anc",0,0.556908242612753,"1",0.9463406052076
3.4,72,"MYb11","13","mono",10,0.575869362363919,"5","17","anc",0,0.528508553654743,"1",1.08961218958835
3.4,72,"MYb11","13","mono",10,0.575869362363919,"5","17","anc",0,0.548888024883359,"1",1.0491563602363
3.4,72,"MYb11","13","mono",10,0.575869362363919,"5","17","anc",0,0.556908242612753,"1",1.0340471163835
3.4,72,"MYb11","13","mono",10,0.768373250388802,"2","17","anc",0,0.528508553654743,"1",1.45385206176011
3.4,72,"MYb11","13","mono",10,0.768373250388802,"2","17","anc",0,0.548888024883359,"1",1.39987249776871
3.4,72,"MYb11","13","mono",10,0.768373250388802,"2","17","anc",0,0.556908242612753,"1",1.37971247612345
3.4,72,"MYb11","7","bi",10,0.546676516329704,"5","17","anc",0,0.528508553654743,"1",1.03437591037898
3.4,72,"MYb11","7","bi",10,0.546676516329704,"5","17","anc",0,0.548888024883359,"1",0.995970929491266
3.4,72,"MYb11","7","bi",10,0.546676516329704,"5","17","anc",0,0.556908242612753,"1",0.981627626420026
3.4,72,"MYb11","13","mono",10,0.770920684292379,"6","17","anc",0,0.528508553654743,"1",1.45867210466379
3.4,72,"MYb11","13","mono",10,0.770920684292379,"6","17","anc",0,0.548888024883359,"1",1.40451357898763
3.4,72,"MYb11","13","mono",10,0.770920684292379,"6","17","anc",0,0.556908242612753,"1",1.38428671961395
