MT,Channel,Label,Area,Mean,Min,Max,IntDen,RawIntDen,TechRep,Day,Biorep
MT12,0,1,0.739,17114.716,13054,23308,12651.149,1745701,1,3,1
MT12,0,2,0.043,13922.833,13048,15192,605.395,83537,1,3,1
MT12,0,3,0.79,19354.028,13070,27635,15288.257,2109589,1,3,1
MT12,0,4,1.645,20053.242,12730,31777,32989.108,4552086,1,3,1
MT12,0,5,1.848,19423.451,13113,28036,35894.399,4952980,1,3,1
MT12,0,6,1.935,34717.779,13086,61725,67177.418,9269647,1,3,1
MT12,0,7,0.717,19773.02,13327,29272,14186.273,1957529,1,3,1
MT12,0,8,0.768,17942.925,13127,25933,13783.49,1901950,1,3,1
MT12,0,9,2.413,22967.006,13011,38346,55425.386,7648013,1,3,1
MT12,0,10,1.855,26973.812,13002,45048,50042.893,6905296,1,3,1
MT12,0,11,1.471,23509.739,12999,36434,34586.288,4772477,1,3,1
MT12,0,12,1.406,19170.392,13034,29057,26952.114,3719056,1,3,1
MT12,0,13,1.377,23505.816,13004,38175,32366.001,4466105,1,3,1
MT12,0,14,0.891,16934.691,13065,23873,15095.326,2082967,1,3,1
MT12,0,15,1.652,33679.776,13087,61809,55649.87,7678989,1,3,1
MT12,0,16,1.036,16134.077,11987,21914,16720.154,2307173,1,3,1
MT12,0,17,3.486,24416.78,12639,43442,85112.544,11744471,1,3,1
MT12,0,18,1.58,26015.72,13067,43135,41101.007,5671427,1,3,1
MT12,0,19,1.138,21542.013,12982,33988,24510.154,3382096,1,3,1
MT12,0,20,1.413,26717.497,13197,47067,37756.393,5209912,1,3,1
MT12,0,21,1.696,25923.444,12979,44001,43961.112,6066086,1,3,1
MT12,0,22,1.37,19669.529,12526,31277,26941.134,3717541,1,3,1
MT12,0,23,1.297,22012.408,13019,37092,28554.903,3940221,1,3,1
MT12,0,24,1.087,24236.727,12979,39465,26346.646,3635509,1,3,1
MT12,0,30,1.486,15495.307,8981,22951,23020.469,3176538,2,3,1
MT12,0,31,1.471,17432.64,8918,32211,25645.981,3538826,2,3,1
MT12,0,32,2.544,18348.023,8938,30186,46672.009,6440156,2,3,1
MT12,0,33,0.638,10324.477,7667,12962,6584.319,908554,2,3,1
MT12,0,34,2.225,18527.479,8976,29175,41220.648,5687936,2,3,1
MT12,0,35,0.739,13271.657,8253,19611,9810.371,1353709,2,3,1
MT12,0,36,5.515,18947.875,9012,35194,104497.351,14419333,2,3,1
MT12,0,37,1.848,17157.537,8911,30745,31707.007,4375172,2,3,1
MT12,0,38,1.957,21065.944,8902,36253,41219.698,5687805,2,3,1
MT12,0,39,2.848,17699.537,8978,29549,50409.752,6955918,2,3,1
MT12,0,40,1.544,15521.244,8949,24079,23958.865,3306025,2,3,1
MT12,0,41,1.645,16577.313,8913,25233,27270.939,3763050,2,3,1
MT12,0,42,1.616,22010.601,8959,39218,35571.065,4908364,2,3,1
MT12,0,43,1.623,15754.638,8942,24988,25575.055,3529039,2,3,1
MT12,0,44,1.225,14125.29,9010,20831,17299.924,2387174,2,3,1
MT12,0,45,1.536,18520.113,8989,34652,28453.756,3926264,2,3,1
MT12,0,46,1.993,22637.655,8916,35531,45115.34,6225355,2,3,1
MT12,0,47,1.341,17965.47,8963,28204,24086.319,3323612,2,3,1
MT12,0,48,2.565,16244.54,8962,32355,41674.537,5750567,2,3,1
MT12,0,49,0.63,10476.586,7201,13834,6605.4,911463,2,3,1
MT12,0,50,2.116,15930.616,8332,26608,33711.303,4651740,2,3,1
MT12,0,51,1.203,14898.831,9037,24627,17923.4,2473206,2,3,1
MT12,0,52,1.312,14430.967,9058,21458,18929.281,2612005,2,3,1
MT12,0,53,4.406,19141.951,8954,34818,84343.163,11638306,2,3,1
MT12,0,54,5.16,18532.159,7386,35077,95623.826,13194897,2,3,1
MT12,0,55,1.884,15138.785,8937,26996,28524.922,3936084,2,3,1
MT12,0,56,1.949,21794.294,8910,39333,42486.914,5862665,2,3,1
MT12,0,57,2.276,17289.538,8923,30462,39343.515,5428915,2,3,1
MT12,0,58,0.558,10368.078,6907,13537,5785.609,798342,2,3,1
MT12,0,59,1.515,16184.866,8906,26912,24514.075,3382637,2,3,1
MT12,0,65,2.457,23686.764,8983,41988,58192.303,8029813,3,3,1
MT12,0,66,2.377,24668.97,8971,40445,58638.785,8091422,3,3,1
MT12,0,67,1.428,18579.736,8958,30517,26525.64,3660208,3,3,1
MT12,0,68,1.377,18497.926,8952,31281,25470.458,3514606,3,3,1
MT12,0,69,1.225,16448.598,9096,26718,20145.391,2779813,3,3,1
MT12,0,70,1.29,13372.511,9014,19629,17250.158,2380307,3,3,1
MT12,0,71,1.761,19130.424,8952,33626,33689.222,4648693,3,3,1
MT12,0,72,2.848,17477.906,8959,27058,49778.529,6868817,3,3,1
MT12,0,73,1.442,14163.628,9078,20795,20426.206,2818562,3,3,1
MT12,0,74,1.065,12925.653,8927,18813,13769.873,1900071,3,3,1
MT12,0,75,1.805,15530.759,9023,24548,28025.421,3867159,3,3,1
MT12,0,76,2.326,18646.361,8988,30410,43376.973,5985482,3,3,1
MT12,0,77,1.993,17409.029,8999,28666,34695.037,4787483,3,3,1
MT12,0,78,0.833,12589.47,8660,17845,10492.172,1447789,3,3,1
MT12,0,79,2.094,15367.422,8997,23663,32185.405,4441185,3,3,1
MT12,0,80,2.058,16213.127,8986,25282,33369.157,4604528,3,3,1
MT12,0,81,2,17778.638,8947,28164,35560.485,4906904,3,3,1
MT12,0,82,2.218,21334,8989,35312,47310.096,6528204,3,3,1
MT12,0,83,1.631,14617.382,8960,23084,23834.84,3288911,3,3,1
MT12,0,84,1.254,17001.474,9085,27429,21315.366,2941255,3,3,1
MT12,0,85,1.812,18855.776,9074,34227,34162.098,4713944,3,3,1
MT12,0,86,1.355,15285.091,8960,24168,20714.275,2858312,3,3,1
MT12,0,87,1.877,19169.583,8946,34371,35980.943,4964922,3,3,1
MT12,0,88,1.406,17355.067,9036,27089,24399.905,3366883,3,3,1
MT12,0,89,2.131,14642.473,8949,23190,31197.649,4304887,3,3,1
MT12,0,90,4.305,17536.019,8156,27888,75487.936,10416395,3,3,1
MT12,0,91,2.036,16881.263,9015,25624,34377.269,4743635,3,3,1
MT12,0,92,1.145,13994.278,8975,21303,16023.881,2211096,3,3,1
MT12,0,93,1.732,19553.293,9019,30947,33867.093,4673237,3,3,1
MT12,0,94,1.348,20619.113,8959,35202,27793.487,3835155,3,3,1
MT12,0,95,2.131,16729.204,8944,25831,35643.695,4918386,3,3,1
MT12,0,96,1.594,13029.927,9030,19422,20774.223,2866584,3,3,1
MT12,0,97,1.92,17731.408,9085,30269,34052.515,4698823,3,3,1
MT12,0,98,1.036,12246.392,8717,18283,12691.247,1751234,3,3,1
MT12,0,99,1.696,17125.846,8406,28802,29042.099,4007448,3,3,1
MT12,0,100,1.196,11931.23,8066,18223,14266.889,1968653,3,3,1
MT12,0,101,1.884,15192.042,8768,23908,28625.272,3949931,3,3,1
MT12,0,102,2.421,24227.904,9088,44142,58643.843,8092120,3,3,1
MT12,0,103,2.094,24377.799,8950,43503,51056.666,7045184,3,3,1
MT12,0,104,1.645,19905.339,8971,36817,32745.796,4518512,3,3,1
MT12,0,105,1.384,17029.335,8976,27422,23571.714,3252603,3,3,1
MT12,0,106,2.471,16351.499,8329,25065,40408.437,5575861,3,3,1
MT12,0,107,2.565,15602.412,9041,25925,40027.192,5523254,3,3,1
MT12,0,108,4.486,18037.179,8950,30597,80913.201,11165014,3,3,1
MT12,1,1,0.739,8794.186,3582,15291,6500.637,897007,1,3,1
MT12,1,2,0.043,7836.5,6082,9121,340.748,47019,1,3,1
MT12,1,3,0.79,11968.11,5016,22229,9453.926,1304524,1,3,1
MT12,1,4,1.645,12501.987,3392,22110,20566.718,2837951,1,3,1
MT12,1,5,1.848,11128.745,3131,19071,20565.842,2837830,1,3,1
MT12,1,6,1.935,13905.172,832,32023,26905.914,3712681,1,3,1
MT12,1,7,0.717,12626.394,2337,24811,9058.883,1250013,1,3,1
MT12,1,8,0.768,10241.415,3460,17209,7867.304,1085590,1,3,1
MT12,1,9,2.413,14659.895,3517,31340,35378.157,4881745,1,3,1
MT12,1,10,1.855,14851.094,2790,28266,27552.342,3801880,1,3,1
MT12,1,11,1.471,13151.621,3649,22183,19347.971,2669779,1,3,1
MT12,1,12,1.406,10904.041,3489,19193,15330.253,2115384,1,3,1
MT12,1,13,1.377,15268.368,3641,27990,21023.564,2900990,1,3,1
MT12,1,14,0.891,10785.512,3945,18763,9614.042,1326618,1,3,1
MT12,1,15,1.652,14095.754,1536,31908,23290.74,3213832,1,3,1
MT12,1,16,1.036,9387.65,4087,17954,9728.661,1342434,1,3,1
MT12,1,17,3.486,10080.435,1707,22129,35138.599,4848689,1,3,1
MT12,1,18,1.58,13473.17,2537,27757,21285.624,2937151,1,3,1
MT12,1,19,1.138,13277.841,1771,24376,15107.313,2084621,1,3,1
MT12,1,20,1.413,12093.754,2667,25945,17090.542,2358282,1,3,1
MT12,1,21,1.696,14172.085,2880,27288,24033.097,3316268,1,3,1
MT12,1,22,1.37,10141.603,1176,20438,13890.841,1916763,1,3,1
MT12,1,23,1.297,14631.229,1885,25726,18979.901,2618990,1,3,1
MT12,1,24,1.087,10398.587,2126,20753,11303.832,1559788,1,3,1
MT12,1,30,1.486,9801.922,2276,17690,14562.14,2009394,2,3,1
MT12,1,31,1.471,10604.606,3009,21007,15600.937,2152735,2,3,1
MT12,1,32,2.544,8426.92,2291,15676,21435.623,2957849,2,3,1
MT12,1,33,0.638,6598.659,2848,12117,4208.22,580682,2,3,1
MT12,1,34,2.225,9127.463,1614,18004,20307.13,2802131,2,3,1
MT12,1,35,0.739,7808.833,3276,14741,5772.267,796501,2,3,1
MT12,1,36,5.515,9578.975,1394,18873,52827.956,7289600,2,3,1
MT12,1,37,1.848,10884.016,2505,19386,20113.583,2775424,2,3,1
MT12,1,38,1.957,10829.496,2403,22143,21190.057,2923964,2,3,1
MT12,1,39,2.848,10305.537,1719,19651,29351.026,4050076,2,3,1
MT12,1,40,1.544,8638.005,2724,15880,13333.776,1839895,2,3,1
MT12,1,41,1.645,9739.581,1923,17521,16022.352,2210885,2,3,1
MT12,1,42,1.616,11073.287,2855,22259,17895.405,2469343,2,3,1
MT12,1,43,1.623,9025.621,1752,17756,14651.605,2021739,2,3,1
MT12,1,44,1.225,9939.249,3597,17865,12173.077,1679733,2,3,1
MT12,1,45,1.536,9755.175,1863,20719,14987.563,2068097,2,3,1
MT12,1,46,1.993,9756.007,1191,19761,19443.074,2682902,2,3,1
MT12,1,47,1.341,10359.984,2060,17207,13889.638,1916597,2,3,1
MT12,1,48,2.565,9970.088,2075,21996,25577.75,3529411,2,3,1
MT12,1,49,0.63,5985.908,1667,9846,3774.065,520774,2,3,1
MT12,1,50,2.116,6586.288,963,12592,13937.461,1923196,2,3,1
MT12,1,51,1.203,7391.44,866,15091,8891.955,1226979,2,3,1
MT12,1,52,1.312,10637.89,2857,18792,13953.854,1925458,2,3,1
MT12,1,53,4.406,10643.286,1685,21360,46896.392,6471118,2,3,1
MT12,1,54,5.16,10265.9,1461,21625,52970.875,7309321,2,3,1
MT12,1,55,1.884,7889.196,1228,17067,14865.044,2051191,2,3,1
MT12,1,56,1.949,10487.357,1373,21386,20444.592,2821099,2,3,1
MT12,1,57,2.276,9429.656,2078,17662,21457.821,2960912,2,3,1
MT12,1,58,0.558,5250.468,2278,11987,2929.873,404286,2,3,1
MT12,1,59,1.515,8419.78,1470,19255,12752.847,1759734,2,3,1
MT12,1,65,2.457,12900.496,1187,23758,31693.208,4373268,3,3,1
MT12,1,66,2.377,15285.835,1835,28063,36334.83,5013754,3,3,1
MT12,1,67,1.428,10153.325,2059,18052,14495.547,2000205,3,3,1
MT12,1,68,1.377,9410.432,735,19804,12957.561,1787982,3,3,1
MT12,1,69,1.225,9493.651,2360,18846,11627.332,1604427,3,3,1
MT12,1,70,1.29,8502.287,3440,14318,10967.707,1513407,3,3,1
MT12,1,71,1.761,9789.267,1496,18241,17239.179,2378792,3,3,1
MT12,1,72,2.848,7552.748,1146,16111,21510.854,2968230,3,3,1
MT12,1,73,1.442,10635.382,2189,20020,15337.913,2116441,3,3,1
MT12,1,74,1.065,8153.578,3062,14335,8686.117,1198576,3,3,1
MT12,1,75,1.805,10090.365,2931,17824,18208.172,2512501,3,3,1
MT12,1,76,2.326,11432.748,2954,21575,26595.966,3669912,3,3,1
MT12,1,77,1.993,8379.473,1397,16594,16699.732,2304355,3,3,1
MT12,1,78,0.833,8600.904,2412,14124,7168.067,989104,3,3,1
MT12,1,79,2.094,11987.429,4766,20348,25106.375,3464367,3,3,1
MT12,1,80,2.058,8821.201,2356,19236,18155.414,2505221,3,3,1
MT12,1,81,2,8193.254,1681,16552,16387.986,2261338,3,3,1
MT12,1,82,2.218,10526.559,1370,20365,23343.607,3221127,3,3,1
MT12,1,83,1.631,9036.249,1681,17592,14734.344,2033156,3,3,1
MT12,1,84,1.254,9002.815,2078,16796,11287.156,1557487,3,3,1
MT12,1,85,1.812,10546.348,2115,21980,19107.427,2636587,3,3,1
MT12,1,86,1.355,9176.636,2863,17384,12436.13,1716031,3,3,1
MT12,1,87,1.877,11389.251,1746,21349,21377.408,2949816,3,3,1
MT12,1,88,1.406,9188.948,1707,17268,12918.963,1782656,3,3,1
MT12,1,89,2.131,7257.667,2649,15010,15463.381,2133754,3,3,1
MT12,1,90,4.305,9681.394,1960,19868,41675.848,5750748,3,3,1
MT12,1,91,2.036,10098.445,3122,17674,20564.631,2837663,3,3,1
MT12,1,92,1.145,9401.854,3104,16012,10765.414,1485493,3,3,1
MT12,1,93,1.732,9150.82,2022,16909,15849.59,2187046,3,3,1
MT12,1,94,1.348,8348.306,1802,17063,11253.081,1552785,3,3,1
MT12,1,95,2.131,11822.293,3377,22001,25188.897,3475754,3,3,1
MT12,1,96,1.594,8887.077,3745,15502,14169.083,1955157,3,3,1
MT12,1,97,1.92,10264.291,2267,19443,19712.192,2720037,3,3,1
MT12,1,98,1.036,7957.72,2806,14156,8246.788,1137954,3,3,1
MT12,1,99,1.696,9259.321,1191,18195,15702.004,2166681,3,3,1
MT12,1,100,1.196,6071.485,1739,12095,7260.039,1001795,3,3,1
MT12,1,101,1.884,10265.269,2555,19225,19342.108,2668970,3,3,1
MT12,1,102,2.421,9991.722,978,19938,24185.045,3337235,3,3,1
MT12,1,103,2.094,11678.381,1200,27541,24459.106,3375052,3,3,1
MT12,1,104,1.645,10826.59,1148,21186,17810.564,2457636,3,3,1
MT12,1,105,1.384,9390.979,2187,18788,12998.833,1793677,3,3,1
MT12,1,106,2.471,7409.619,1486,15197,18310.928,2526680,3,3,1
MT12,1,107,2.565,8293.056,2164,16653,21275.413,2935742,3,3,1
MT12,1,108,4.486,9300.023,1378,19177,41719.084,5756714,3,3,1
MT12BG,1,109,2.754,144.684,85,855,398.442,54980,3,3,1
MT12BG,1,110,1.478,162.025,99,1242,239.536,33053,3,3,1
MT12BG,1,111,1.16,140.206,98,1316,162.573,22433,3,3,1
MT12BG,1,112,1.587,132.196,99,764,209.809,28951,3,3,1
MT12BG,1,113,1.855,152.262,94,1203,282.482,38979,3,3,1
MT12BG,0,25,4.377,125.139,89,485,547.76,75584,1,3,1
MT12BG,0,26,0.167,107.174,97,125,17.864,2465,1,3,1
MT12BG,0,27,1.232,119.2,94,509,146.854,20264,1,3,1
MT12BG,0,28,1.718,128.519,89,460,220.737,30459,1,3,1
MT12BG,0,29,1.08,118.336,92,376,127.78,17632,1,3,1
MT12BG,0,60,2.174,136.99,93,615,297.831,41097,2,3,1
MT12BG,0,61,2.551,153.261,97,818,390.963,53948,2,3,1
MT12BG,0,62,2.029,130.339,94,619,264.48,36495,2,3,1
MT12BG,0,63,1.058,127.459,94,400,134.86,18609,2,3,1
MT12BG,0,64,0.986,150.816,87,470,148.644,20511,2,3,1
MT12BG,0,109,2.754,137.166,90,575,377.737,52123,3,3,1
MT12BG,0,110,1.478,168.255,98,476,248.747,34324,3,3,1
MT12BG,0,111,1.16,130.463,96,487,151.275,20874,3,3,1
MT12BG,0,112,1.587,136.123,96,419,216.041,29811,3,3,1
MT12BG,0,113,1.855,138.875,96,464,257.646,35552,3,3,1
MT12BG,1,25,4.377,125.661,89,1467,550.042,75899,1,3,1
MT12BG,1,26,0.167,105.043,96,113,17.509,2416,1,3,1
MT12BG,1,27,1.232,125.571,90,536,154.702,21347,1,3,1
MT12BG,1,28,1.718,127.654,91,883,219.252,30254,1,3,1
MT12BG,1,29,1.08,117.805,92,925,127.207,17553,1,3,1
MT12BG,1,60,2.174,124.78,94,782,271.285,37434,2,3,1
MT12BG,1,61,2.551,131.466,94,839,335.364,46276,2,3,1
MT12BG,1,62,2.029,147.368,91,1109,299.034,41263,2,3,1
MT12BG,1,63,1.058,133.486,93,725,141.237,19489,2,3,1
MT12BG,1,64,0.986,118.765,92,728,117.054,16152,2,3,1
MT14,0,1,1.978,23496.634,11455,39443,46486.666,6414581,1,3,1
MT14,0,2,1.254,14116.295,10858,18881,17698.112,2442119,1,3,1
MT14,0,3,0.043,12737.333,12108,13788,553.847,76424,1,3,1
MT14,0,4,6.58,23073.38,11387,45750,151829.855,20950629,1,3,1
MT14,0,5,3.203,26945.093,11373,48222,86310.188,11909731,1,3,1
MT14,0,6,7.131,23744.321,11370,42394,169322.615,23364412,1,3,1
MT14,0,7,4.406,19458.012,11096,33681,85735.788,11830471,1,3,1
MT14,0,8,1.449,27577.845,11529,50548,39971.499,5515569,1,3,1
MT14,0,9,1.428,18087.223,11442,27388,25822.497,3563183,1,3,1
MT14,0,10,1.587,30104.479,11427,53576,47778.812,6592881,1,3,1
MT14,0,11,1.718,23630.848,11504,38499,40587.076,5600511,1,3,1
MT14,0,12,1.102,15174.158,10731,21510,16715.074,2306472,1,3,1
MT14,0,13,0.768,16617.991,11506,23427,12765.696,1761507,1,3,1
MT14,0,14,2.152,26363.013,11398,42766,56742.911,7829815,1,3,1
MT14,0,15,1.406,15259.876,11372,21089,21454.226,2960416,1,3,1
MT14,0,16,1.167,19556.373,11381,29634,22817.827,3148576,1,3,1
MT14,0,17,0.71,13215.316,9920,18346,9385.637,1295101,1,3,1
MT14,0,18,3.413,24786.459,11416,46129,84604.897,11674422,1,3,1
MT14,0,19,1.246,19820.32,11383,31355,24705.817,3409095,1,3,1
MT14,0,20,1.203,15523.723,10605,22636,18675.149,2576938,1,3,1
MT14,0,21,2.906,31809.057,11417,55337,92439.009,12755432,1,3,1
MT14,0,22,0.986,15550.316,11387,22634,15326.332,2114843,1,3,1
MT14,0,23,1.544,23238.066,11527,38252,35870.687,4949708,1,3,1
MT14,0,24,3.508,25512.711,11371,45571,89487.439,12348152,1,3,1
MT14,0,25,1.718,21805.443,11620,34966,37451.858,5167890,1,3,1
MT14,0,26,1.21,19035.731,11376,30008,23038.072,3178967,1,3,1
MT14,0,27,0.225,12777.419,10186,16374,2870.549,396100,1,3,1
MT14,0,28,0.116,12275.75,11382,13664,1423.404,196412,1,3,1
MT14,0,29,1.196,20851.945,11375,33223,24933.924,3440571,1,3,1
MT14,0,30,1.899,20458.718,11432,31633,38845.419,5360184,1,3,1
MT14,0,31,1.689,23107.206,11372,37098,39017.862,5383979,1,3,1
MT14,0,32,2.145,22922.385,11419,36642,49171.293,6785026,1,3,1
MT14,0,33,2.58,33905.565,11418,61135,87474.424,12070381,1,3,1
MT14,0,34,5.196,23532.893,11424,45958,122279.761,16873084,1,3,1
MT14,0,35,1.051,18694.828,11525,28243,19644.889,2710750,1,3,1
MT14,0,36,2.036,20028.95,11396,30995,40787.268,5628135,1,3,1
MT14,0,37,0.717,14933.283,11227,20671,10713.974,1478395,1,3,1
MT14,0,38,1.71,19795.263,11406,31362,33855.824,4671682,1,3,1
MT14,0,39,1.536,18979.825,11453,27973,29160.045,4023723,1,3,1
MT14,0,40,1.529,15764.123,11072,22664,24105.291,3326230,1,3,1
MT14,0,41,1.79,17600.255,11400,25415,31504.749,4347263,1,3,1
MT14,0,42,1.399,22008.855,11519,36552,30783.278,4247709,1,3,1
MT14,0,43,1.652,21658.671,11380,34562,35787.121,4938177,1,3,1
MT14,0,44,1.399,17985.264,11501,27008,25155.575,3471156,1,3,1
MT14,0,45,4.848,31467.474,11402,59582,152562.61,21051740,1,3,1
MT14,0,46,0.819,14095.46,9499,19241,11542.977,1592787,1,3,1
MT14,0,47,1.71,20329.725,11401,31656,34769.913,4797815,1,3,1
MT14,0,48,1.783,15409.691,10920,21838,27471.929,3790784,1,3,1
MT14,0,49,0.942,14631.246,11150,19480,13784.302,1902062,1,3,1
MT14,0,55,2.536,38167.62,14840,64514,96810.672,13358667,2,3,1
MT14,0,56,0.529,16781.082,13498,21255,8877.751,1225019,2,3,1
MT14,0,57,1.116,21266.948,14807,30780,23734.823,3275110,2,3,1
MT14,0,58,1.029,22253.352,14922,31921,22900.444,3159976,2,3,1
MT14,0,59,1.073,32438.108,14907,57668,34791.836,4800840,2,3,1
MT14,0,60,1.232,29944.794,15422,51331,36891.844,5090615,2,3,1
MT14,0,61,1.283,26352.757,14859,42241,33803.326,4664438,2,3,1
MT14,0,62,0.348,16810.479,14820,21076,5847.651,806903,2,3,1
MT14,0,63,2.66,34228.112,14879,57227,91035.151,12561717,2,3,1
MT14,0,64,2.421,28777.862,14806,43925,69657.055,9611806,2,3,1
MT14,0,65,0.688,21959.968,14801,32552,15118.734,2086197,2,3,1
MT14,0,66,1.942,25790.056,14802,38733,50089.557,6911735,2,3,1
MT14,0,67,4.029,30754.095,14837,60916,123918.988,17099277,2,3,1
MT14,0,68,0.029,15196,14874,15516,440.504,60784,2,3,1
MT14,0,69,1.261,23511.529,14833,34657,29647.647,4091006,2,3,1
MT14,0,70,1.696,27144.308,14905,42499,46031.459,6351768,2,3,1
MT14,0,71,0.609,17435.607,14087,21574,10613.936,1464591,2,3,1
MT14,0,72,0.464,17949.641,14488,22280,8325.222,1148777,2,3,1
MT14,0,73,2.565,43231.627,14789,65535,110908.531,15303996,2,3,1
MT14,0,74,3.573,25197.546,14790,42666,90025.444,12422390,2,3,1
MT14,0,75,3.602,36606.966,14797,65535,131850.03,18193662,2,3,1
MT14,0,76,0.377,16554.346,13416,21279,6238.433,860826,2,3,1
MT14,0,77,3.37,32170.361,14829,54100,108409.915,14959218,2,3,1
MT14,0,78,2.392,23174.355,14829,38043,55421.937,7647537,2,3,1
MT14,0,79,5.167,37898.331,14842,65535,195825.717,27021510,2,3,1
MT14,0,80,1.435,24736.631,14944,37404,35494.892,4897853,2,3,1
MT14,0,81,1.333,27846.457,14814,43510,37131.96,5123748,2,3,1
MT14,0,82,1.841,38128.591,14840,63290,70185.044,9684662,2,3,1
MT14,0,83,3.587,27987.804,14866,56796,100400.097,13853963,2,3,1
MT14,0,84,1.391,26765.068,14832,42696,37241.716,5138893,2,3,1
MT14,0,85,2,23126.692,13498,40269,46257.559,6382967,2,3,1
MT14,0,86,1.478,22242.824,13743,32425,32883.663,4537536,2,3,1
MT14,0,87,1.16,19242.912,14907,25339,22312.637,3078866,2,3,1
MT14,0,88,1.297,23116.469,14810,35465,29987.112,4137848,2,3,1
MT14,0,89,1.21,22901.323,14837,33358,27716.422,3824521,2,3,1
MT14,0,90,3.703,29374.515,14834,50473,108780.665,15010377,2,3,1
MT14,0,91,1.399,30770.047,14906,50033,43037.355,5938619,2,3,1
MT14,0,92,0.457,17298.238,14548,23718,7897.735,1089789,2,3,1
MT14,0,93,1.297,25680.62,14952,39422,33313.376,4596831,2,3,1
MT14,0,94,6.877,35178.322,14884,62981,241936.531,33384228,2,3,1
MT14,0,95,2.348,33569.142,14816,55441,78821.621,10876402,2,3,1
MT14,0,96,1.674,23572.29,15106,35829,39461.525,5445199,2,3,1
MT14,0,97,3.239,25587.244,14804,52040,82887.901,11437498,2,3,1
MT14,0,103,0.029,12116.75,11820,12829,351.242,48467,3,3,1
MT14,0,104,0.029,11990.25,11632,12139,347.575,47961,3,3,1
MT14,0,105,1.355,21504.283,11544,35118,29142.492,4021301,3,3,1
MT14,0,106,0.783,15540.944,11555,21171,12163.576,1678422,3,3,1
MT14,0,107,1.167,20360.683,11509,33735,23756.274,3278070,3,3,1
MT14,0,108,1.609,17288.018,11420,24286,27813.67,3837940,3,3,1
MT14,0,109,1.275,14552.415,11443,20792,18561.277,2561225,3,3,1
MT14,0,110,1.268,21119.583,11520,35576,26784.497,3695927,3,3,1
MT14,0,111,2.087,25923.826,11423,47866,54106.782,7466062,3,3,1
MT14,0,112,1.645,28413.057,11455,51873,46741.639,6449764,3,3,1
MT14,0,113,2.921,25100.893,11423,44493,73308.5,10115660,3,3,1
MT14,0,114,2.073,28583.332,11546,46876,59243.267,8174833,3,3,1
MT14,0,115,1.21,18152.371,11633,27108,21968.983,3031446,3,3,1
MT14,0,116,2.761,29320.042,11425,62374,80956.118,11170936,3,3,1
MT14,0,117,2.964,17336.489,10935,27866,51385.971,7090624,3,3,1
MT14,0,118,1.877,26299.236,11421,41650,49363.165,6811502,3,3,1
MT14,0,119,1.652,15684.43,9705,21733,25915.745,3576050,3,3,1
MT14,0,120,1.478,26997.515,11597,48807,39912.972,5507493,3,3,1
MT14,0,121,2.022,26875.222,11410,49478,54339.593,7498187,3,3,1
MT14,0,122,1.333,22090.946,11557,37880,29457.253,4064734,3,3,1
MT14,0,123,1.435,20562.616,11548,32990,29505.547,4071398,3,3,1
MT14,0,124,1.558,19088.726,11457,28644,29742.365,4104076,3,3,1
MT14,0,125,1.29,22171.972,11437,36477,28601.212,3946611,3,3,1
MT14,0,126,1.609,17006.964,9920,25503,27361.498,3775546,3,3,1
MT14,0,127,1.333,24950.353,11417,43304,33270.14,4590865,3,3,1
MT14,0,128,1.261,21772.586,11444,36851,27454.869,3788430,3,3,1
MT14,0,129,1.529,23740.9,11429,41621,36302.769,5009330,3,3,1
MT14,1,1,1.978,14861.117,2436,28183,29401.82,4057085,1,3,1
MT14,1,2,1.254,11614.116,4394,20656,14561.039,2009242,1,3,1
MT14,1,3,0.043,8468.5,7373,9940,368.229,50811,1,3,1
MT14,1,4,6.58,13967.099,1198,34018,91907.759,12682126,1,3,1
MT14,1,5,3.203,21771.857,5355,42325,69739.345,9623161,1,3,1
MT14,1,6,7.131,14750.252,1101,27833,105185.203,14514248,1,3,1
MT14,1,7,4.406,12317.086,2465,22928,54271.478,7488788,1,3,1
MT14,1,8,1.449,14360.66,3446,26052,20814.429,2872132,1,3,1
MT14,1,9,1.428,10693.863,3802,18389,15267.255,2106691,1,3,1
MT14,1,10,1.587,17265.256,1851,33237,27401.683,3781091,1,3,1
MT14,1,11,1.718,16350.418,2105,30040,28082.6,3875049,1,3,1
MT14,1,12,1.102,11499.546,2594,20459,12667.31,1747931,1,3,1
MT14,1,13,0.768,9912.858,2608,16642,7614.912,1050763,1,3,1
MT14,1,14,2.152,12679.175,2150,25162,27290.253,3765715,1,3,1
MT14,1,15,1.406,12426.175,4444,19787,17470.258,2410678,1,3,1
MT14,1,16,1.167,11415.87,1840,20702,13319.717,1837955,1,3,1
MT14,1,17,0.71,9723.52,5126,17370,6905.732,952905,1,3,1
MT14,1,18,3.413,15039.571,2236,33313,51335.343,7083638,1,3,1
MT14,1,19,1.246,11000.209,4078,18815,13711.643,1892036,1,3,1
MT14,1,20,1.203,9567.373,2331,16867,11509.618,1588184,1,3,1
MT14,1,21,2.906,14617.788,1268,30293,42480.16,5861733,1,3,1
MT14,1,22,0.986,11970.89,4659,25093,11798.463,1628041,1,3,1
MT14,1,23,1.544,15328.174,3935,26915,23660.838,3264901,1,3,1
MT14,1,24,3.508,14892.014,2647,27950,52234.678,7207735,1,3,1
MT14,1,25,1.718,13101.338,4078,26130,22502.154,3105017,1,3,1
MT14,1,26,1.21,12454.359,2869,23331,15072.94,2079878,1,3,1
MT14,1,27,0.225,9390.323,5906,14438,2109.611,291100,1,3,1
MT14,1,28,0.116,8463.312,6006,11765,981.342,135413,1,3,1
MT14,1,29,1.196,14437.17,3505,25808,17263.391,2382133,1,3,1
MT14,1,30,1.899,14145.424,4286,26160,26858.228,3706101,1,3,1
MT14,1,31,1.689,12582.614,2473,23257,21246.475,2931749,1,3,1
MT14,1,32,2.145,10879.939,1958,20375,23338.788,3220462,1,3,1
MT14,1,33,2.58,17349.242,2230,36930,44760.054,6176330,1,3,1
MT14,1,34,5.196,13181.011,1418,30310,68490.131,9450785,1,3,1
MT14,1,35,1.051,12550.152,4292,21101,13187.944,1819772,1,3,1
MT14,1,36,2.036,11743.544,3354,22525,23914.738,3299936,1,3,1
MT14,1,37,0.717,9553.909,3578,15433,6854.51,945837,1,3,1
MT14,1,38,1.71,12460.665,3489,20470,21311.467,2940717,1,3,1
MT14,1,39,1.536,13668.887,3747,24190,21000.475,2897804,1,3,1
MT14,1,40,1.529,8659.815,2006,18032,13241.927,1827221,1,3,1
MT14,1,41,1.79,8982.538,2664,16089,16078.893,2218687,1,3,1
MT14,1,42,1.399,11818.984,1094,23305,16530.941,2281064,1,3,1
MT14,1,43,1.652,11380.487,3071,19997,18804.241,2594751,1,3,1
MT14,1,44,1.399,11462.663,2633,20375,16032.563,2212294,1,3,1
MT14,1,45,4.848,16792.208,1869,33877,81413.051,11233987,1,3,1
MT14,1,46,0.819,10101.23,4427,20750,8272.044,1141439,1,3,1
MT14,1,47,1.71,11616.275,3555,24376,19867.308,2741441,1,3,1
MT14,1,48,1.783,10106.346,2565,18324,18017.286,2486161,1,3,1
MT14,1,49,0.942,10886.569,4133,17552,10256.389,1415254,1,3,1
MT14,1,55,2.536,27448.943,7008,48036,69623.168,9607130,2,3,1
MT14,1,56,0.529,15378.137,11084,22988,8135.546,1122604,2,3,1
MT14,1,57,1.116,17845.487,6977,27154,19916.326,2748205,2,3,1
MT14,1,58,1.029,14469.169,3994,25820,14889.909,2054622,2,3,1
MT14,1,59,1.073,17255.838,6590,30637,18507.931,2553864,2,3,1
MT14,1,60,1.232,18573.118,5469,28850,22881.993,3157430,2,3,1
MT14,1,61,1.283,19032.254,5934,31534,24413.138,3368709,2,3,1
MT14,1,62,0.348,10795,5959,16028,3755.122,518160,2,3,1
MT14,1,63,2.66,18537.447,3130,38054,49303.312,6803243,2,3,1
MT14,1,64,2.421,16961.907,3617,31473,41056.437,5665277,2,3,1
MT14,1,65,0.688,15641.589,6514,24339,10768.733,1485951,2,3,1
MT14,1,66,1.942,13778.459,4416,25940,26760.582,3692627,2,3,1
MT14,1,67,4.029,23059.11,5596,50626,92913.204,12820865,2,3,1
MT14,1,68,0.029,8644.5,6227,9929,250.588,34578,2,3,1
MT14,1,69,1.261,13519.799,3511,22203,17048.242,2352445,2,3,1
MT14,1,70,1.696,14509.756,4437,27175,24605.721,3395283,2,3,1
MT14,1,71,0.609,9358.917,4651,17298,5697.246,786149,2,3,1
MT14,1,72,0.464,14927.203,8448,20279,6923.386,955341,2,3,1
MT14,1,73,2.565,28243.446,6011,49833,72457.119,9998180,2,3,1
MT14,1,74,3.573,12925.513,2706,28242,46180.095,6372278,2,3,1
MT14,1,75,3.602,22251.03,4049,45054,80143.19,11058762,2,3,1
MT14,1,76,0.377,11080.519,6756,17847,4175.645,576187,2,3,1
MT14,1,77,3.37,19602.839,4741,34803,66059.005,9115320,2,3,1
MT14,1,78,2.392,15251.627,5391,27885,36474.574,5033037,2,3,1
MT14,1,79,5.167,16709.511,3067,36532,86340.263,11913881,2,3,1
MT14,1,80,1.435,13973.439,3735,24345,20050.657,2766741,2,3,1
MT14,1,81,1.333,13734.228,4361,25190,18313.957,2527098,2,3,1
MT14,1,82,1.841,15821.839,3985,29933,29123.984,4018747,2,3,1
MT14,1,83,3.587,15510.251,3705,29031,55639.616,7677574,2,3,1
MT14,1,84,1.391,13388.927,3441,25632,18629.754,2570674,2,3,1
MT14,1,85,2,13598.46,4928,25551,27199.375,3753175,2,3,1
MT14,1,86,1.478,12222.789,2932,20881,18070.102,2493449,2,3,1
MT14,1,87,1.16,13233.7,6555,22091,15344.805,2117392,2,3,1
MT14,1,88,1.297,11103.486,4640,19861,14403.648,1987524,2,3,1
MT14,1,89,1.21,11608.749,5351,19066,14049.536,1938661,2,3,1
MT14,1,90,3.703,16716.065,3899,30268,61903.478,8541909,2,3,1
MT14,1,91,1.399,14038.788,4315,24338,19635.729,2709486,2,3,1
MT14,1,92,0.457,9587.698,5909,16700,4377.388,604025,2,3,1
MT14,1,93,1.297,12943.715,3873,23906,16790.827,2316925,2,3,1
MT14,1,94,6.877,19595.296,3017,37051,134765.322,18595936,2,3,1
MT14,1,95,2.348,19748.651,3243,42404,46370.584,6398563,2,3,1
MT14,1,96,1.674,13693.364,4292,23844,22923.569,3163167,2,3,1
MT14,1,97,3.239,14564.633,4383,28493,47181.005,6510391,2,3,1
MT14,1,103,0.029,6843.5,5422,8127,198.38,27374,3,3,1
MT14,1,104,0.029,8025,6145,10030,232.63,32100,3,3,1
MT14,1,105,1.355,13679.535,2698,22617,18538.434,2558073,3,3,1
MT14,1,106,0.783,8446.944,2046,14420,6611.249,912270,3,3,1
MT14,1,107,1.167,11213.379,2484,18741,13083.456,1805354,3,3,1
MT14,1,108,1.609,13491.306,5276,23614,21705.365,2995070,3,3,1
MT14,1,109,1.275,7401.426,3343,13175,9440.352,1302651,3,3,1
MT14,1,110,1.268,11613.4,4436,19038,14728.467,2032345,3,3,1
MT14,1,111,2.087,11942.486,1740,22821,24925.699,3439436,3,3,1
MT14,1,112,1.645,13756.313,3082,25888,22630.18,3122683,3,3,1
MT14,1,113,2.921,14759.174,2544,29483,43104.955,5947947,3,3,1
MT14,1,114,2.073,16313.112,3058,29428,33811.385,4665550,3,3,1
MT14,1,115,1.21,11499.353,3997,21515,13917.14,1920392,3,3,1
MT14,1,116,2.761,17015.157,2839,34912,46980.871,6482775,3,3,1
MT14,1,117,2.964,10672.372,3233,21082,31633.29,4365000,3,3,1
MT14,1,118,1.877,11799.907,2006,22269,22148.202,3056176,3,3,1
MT14,1,119,1.652,10218.952,4423,16269,16885.009,2329921,3,3,1
MT14,1,120,1.478,14513.73,5241,27112,21457.016,2960801,3,3,1
MT14,1,121,2.022,13323.484,1903,25354,26939.04,3717252,3,3,1
MT14,1,122,1.333,11326.016,1903,22094,15102.718,2083987,3,3,1
MT14,1,123,1.435,8912.116,1942,15958,12788.103,1764599,3,3,1
MT14,1,124,1.558,13401.516,5125,25195,20881.058,2881326,3,3,1
MT14,1,125,1.29,11706.455,4340,19891,15100.993,2083749,3,3,1
MT14,1,126,1.609,10160.428,3180,16990,16346.512,2255615,3,3,1
MT14,1,127,1.333,9670.908,1789,19838,12895.707,1779447,3,3,1
MT14,1,128,1.261,10930.672,4032,20507,13783.396,1901937,3,3,1
MT14,1,129,1.529,12023.246,3016,23957,18385.029,2536905,3,3,1
MT14BG,0,50,1.92,155.023,101,457,297.715,41081,1,3,1
MT14BG,0,51,2.174,158.547,103,608,344.698,47564,1,3,1
MT14BG,0,52,4.537,146.642,99,567,665.263,91798,1,3,1
MT14BG,0,53,6.406,148.8,97,751,953.267,131539,1,3,1
MT14BG,0,54,4.638,146.488,100,651,679.424,93752,1,3,1
MT14BG,0,98,1.551,152.897,105,629,237.123,32720,2,3,1
MT14BG,0,99,6.798,179.528,99,767,1220.378,168397,2,3,1
MT14BG,0,100,1.044,163.91,103,730,171.052,23603,2,3,1
MT14BG,0,101,1.913,158.864,102,535,303.94,41940,2,3,1
MT14BG,0,102,4.29,154.385,97,752,662.35,91396,2,3,1
MT14BG,0,130,1.986,147.011,103,499,291.918,40281,3,3,1
MT14BG,0,131,1.855,131.797,96,422,244.515,33740,3,3,1
MT14BG,0,132,2.326,164.025,99,752,381.571,52652,3,3,1
MT14BG,0,133,1.196,173.285,90,651,207.207,28592,3,3,1
MT14BG,0,134,2.058,147.246,98,586,303.056,41818,3,3,1
MT14BG,1,50,1.92,137.306,101,782,263.69,36386,1,3,1
MT14BG,1,51,2.174,129.517,101,487,281.583,38855,1,3,1
MT14BG,1,52,4.537,139.035,96,1147,630.753,87036,1,3,1
MT14BG,1,53,6.406,133.7,96,973,856.534,118191,1,3,1
MT14BG,1,54,4.638,139.009,98,1081,644.739,88966,1,3,1
MT14BG,1,98,1.551,140.276,102,700,217.549,30019,2,3,1
MT14BG,1,99,6.798,148.591,99,1599,1010.077,139378,2,3,1
MT14BG,1,100,1.044,143.528,101,628,149.782,20668,2,3,1
MT14BG,1,101,1.913,146.951,97,1667,281.149,38795,2,3,1
MT14BG,1,102,4.29,140.684,100,1022,603.569,83285,2,3,1
MT14BG,1,130,1.986,144.876,98,951,287.678,39696,3,3,1
MT14BG,1,131,1.855,137.512,93,805,255.117,35203,3,3,1
MT14BG,1,132,2.326,153.707,96,1137,357.569,49340,3,3,1
MT14BG,1,133,1.196,161.036,97,1742,192.561,26571,3,3,1
MT14BG,1,134,2.058,141.563,97,1043,291.36,40204,3,3,1
MT22,0,1,0.051,9093.571,8590,10646,461.31,63655,1,3,1
MT22,0,2,0.145,9188.55,7088,11041,1331.794,183771,1,3,1
MT22,0,3,0.899,12884.5,8563,19998,11578.422,1597678,1,3,1
MT22,0,4,1.638,12392.854,8618,18288,20297.375,2800785,1,3,1
MT22,0,5,0.957,13880.667,7945,22191,13278.358,1832248,1,3,1
MT22,0,6,0.036,9522.4,8695,10705,345.046,47612,1,3,1
MT22,0,7,0.283,9206.513,7071,11365,2602.075,359054,1,3,1
MT22,0,8,1.623,17047.17,8561,29994,27673.266,3818566,1,3,1
MT22,0,9,1.377,18546.1,8560,30218,25536.79,3523759,1,3,1
MT22,0,10,0.717,10046.384,7888,12843,7207.839,994592,1,3,1
MT22,0,11,3.392,18140.737,7991,38322,61526.314,8489865,1,3,1
MT22,0,12,3.428,20764.137,8677,37047,71176.257,9821437,1,3,1
MT22,0,13,2.384,13636.62,8372,24160,32513.427,4486448,1,3,1
MT22,0,14,3.544,18401.507,8652,30983,65211.226,8998337,1,3,1
MT22,0,15,0.239,9060.818,5861,11256,2166.913,299007,1,3,1
MT22,0,16,0.623,10441.128,8330,13944,6507.377,897937,1,3,1
MT22,0,17,2.334,17512.969,8474,29628,40867.283,5639176,1,3,1
MT22,0,18,0.478,10147.682,7416,13229,4853.677,669747,1,3,1
MT22,0,19,1.413,17475.067,8072,32722,24695.258,3407638,1,3,1
MT22,0,20,1.805,11863.675,8414,18223,21408.128,2954055,1,3,1
MT22,0,21,1.29,10073.264,7736,13779,12994.223,1793041,1,3,1
MT22,0,22,2.087,17577.139,8613,30679,36686.036,5062216,1,3,1
MT22,0,23,1.355,18225.941,8732,31940,24699.7,3408251,1,3,1
MT22,0,24,2.783,24006.562,8719,40616,66806.899,9218520,1,3,1
MT22,0,25,1.826,21815.012,8616,40457,39839.704,5497383,1,3,1
MT22,0,26,1.565,21370.236,8555,39481,33452.084,4615971,1,3,1
MT22,0,27,0.754,9661.317,6004,12008,7281.65,1004777,1,3,1
MT22,0,28,0.957,10898.295,8124,14668,10425.397,1438575,1,3,1
MT22,0,34,1.145,15248.373,9255,23917,17459.858,2409243,2,3,1
MT22,0,35,4.805,24115.253,9721,47490,115868.522,15988413,2,3,1
MT22,0,36,3.435,15418.407,8425,25718,52963.657,7308325,2,3,1
MT22,0,37,0.942,14479.723,9552,20769,13641.55,1882364,2,3,1
MT22,0,38,2.203,18403.957,9600,29491,40545.71,5594803,2,3,1
MT22,0,39,2.167,17425.873,8545,26333,37759.466,5210336,2,3,1
MT22,0,40,1.602,23318.688,9619,44063,37347.066,5153430,2,3,1
MT22,0,41,0.435,11302.917,9654,14589,4914.755,678175,2,3,1
MT22,0,42,0.529,11599.096,9034,15635,6136.307,846734,2,3,1
MT22,0,43,1.783,18729.768,9776,31899,33390.861,4607523,2,3,1
MT22,0,44,1.66,26337.664,9639,45058,43709.198,6031325,2,3,1
MT22,0,45,2.174,20284.357,9641,33516,44100.408,6085307,2,3,1
MT22,0,46,1.891,26556.027,9645,50775,50230.062,6931123,2,3,1
MT22,0,47,1.848,14923.584,9443,25205,27578.677,3805514,2,3,1
MT22,0,48,1.348,17760.489,9660,27925,23940.211,3303451,2,3,1
MT22,0,49,0.341,10725.787,7497,13337,3653.315,504112,2,3,1
MT22,0,50,0.036,10022.6,9653,10388,363.17,50113,2,3,1
MT22,0,51,0.072,10093.1,7887,11604,731.45,100931,2,3,1
MT22,0,52,0.043,10150.333,9588,11406,441.359,60902,2,3,1
MT22,0,53,0.159,10419.364,9631,12758,1661.208,229226,2,3,1
MT22,0,54,0.065,10581.444,9706,11784,690.156,95233,2,3,1
MT22,0,55,0.065,10055.111,9194,10749,655.827,90496,2,3,1
MT22,0,56,2.377,29127.189,9800,55947,69236.089,9553718,2,3,1
MT22,0,57,1.522,20035.024,9766,33063,30490.832,4207355,2,3,1
MT22,0,58,1.073,11521.885,8392,15313,12357.92,1705239,2,3,1
MT22,0,59,0.739,12739.529,9600,18963,9417.024,1299432,2,3,1
MT22,0,60,1.058,15659.301,9637,23815,16568.582,2286258,2,3,1
MT22,0,61,1.544,17394.089,9611,26031,26849.822,3704941,2,3,1
MT22,0,62,1.123,14433.277,9608,21641,16212.753,2237158,2,3,1
MT22,0,63,1.442,18901.477,9597,28627,27258.938,3761394,2,3,1
MT22,0,64,1.522,13398.795,8907,19735,20391.311,2813747,2,3,1
MT22,0,65,2.051,19536.131,9631,31416,40066.841,5528725,2,3,1
MT22,0,66,0.225,10301.871,8449,12330,2314.397,319358,2,3,1
MT22,0,67,1.747,20758.324,9800,35827,36255.127,5002756,2,3,1
MT22,0,68,2.029,19418.964,9612,32839,39404.353,5437310,2,3,1
MT22,0,69,0.804,11114.036,8518,15251,8940.358,1233658,2,3,1
MT22,0,70,2.218,22950.252,9628,40463,50894.282,7022777,2,3,1
MT22,0,71,1.978,17606.275,9642,29752,34832.948,4806513,2,3,1
MT22,0,72,0.029,10097,9752,10894,292.693,40388,2,3,1
MT22,0,73,1.58,15771.468,9723,26410,24916.597,3438180,2,3,1
MT22,0,74,0.072,10432,9603,11340,756.01,104320,2,3,1
MT22,0,75,1.776,19515.327,9609,33692,34649.903,4781255,2,3,1
MT22,0,81,0.239,7896.485,5801,9147,1888.46,260584,3,3,1
MT22,0,82,0.043,8127.5,7576,9202,353.401,48765,3,3,1
MT22,0,83,0.072,8263.1,7404,9903,598.829,82631,3,3,1
MT22,0,84,0.812,10308.027,7406,14771,8366.69,1154499,3,3,1
MT22,0,85,0.188,8034.808,7377,9062,1513.941,208905,3,3,1
MT22,0,86,0.949,10180.122,6502,15598,9664.611,1333596,3,3,1
MT22,0,87,0.152,8510.095,7169,10654,1295.131,178712,3,3,1
MT22,0,88,0.949,9050.26,6426,12987,8591.964,1185584,3,3,1
MT22,0,89,0.761,9036.59,6856,11482,6876.287,948842,3,3,1
MT22,0,90,1.174,14445.253,7361,23389,16959.002,2340131,3,3,1
MT22,0,91,0.739,9002.108,6238,11774,6654.332,918215,3,3,1
MT22,0,92,1.696,19640.09,7517,36759,33305.767,4595781,3,3,1
MT22,0,93,2.689,16140.111,7008,26549,43395.083,5987981,3,3,1
MT22,0,94,2.007,14547.422,7433,27064,29202.896,4029636,3,3,1
MT22,0,95,0.283,8824.231,6925,11973,2494.029,344145,3,3,1
MT22,0,96,2.384,15505.301,7448,26486,36968.873,5101244,3,3,1
MT22,0,97,2.587,15829.541,7369,26797,40954.029,5651146,3,3,1
MT22,0,98,1.602,23197.751,7398,45993,37153.375,5126703,3,3,1
MT22,0,99,1.022,12497.213,7481,20422,12770.044,1762107,3,3,1
MT22,0,100,0.558,8755.065,6390,12366,4885.513,674140,3,3,1
MT22,0,101,1.073,9386.514,6734,12977,10067.604,1389204,3,3,1
MT22,0,102,2.218,12646.386,7389,20558,28044.517,3869794,3,3,1
MT22,0,103,0.855,10055.686,7367,14193,8599.117,1186571,3,3,1
MT22,0,104,2.435,16322.777,7453,29420,39746,5484453,3,3,1
MT22,0,105,1.391,14994.667,7366,25886,20864.028,2878976,3,3,1
MT22,1,1,0.051,8542.571,6985,10994,433.358,59798,1,3,1
MT22,1,2,0.145,7790.05,4688,9916,1129.095,155801,1,3,1
MT22,1,3,0.899,7612.185,2173,14548,6840.552,943911,1,3,1
MT22,1,4,1.638,7866.142,2130,16477,12883.395,1777748,1,3,1
MT22,1,5,0.957,8116.598,1350,15423,7764.404,1071391,1,3,1
MT22,1,6,0.036,7423.8,4905,8885,269.003,37119,1,3,1
MT22,1,7,0.283,9348.974,4861,15095,2642.34,364610,1,3,1
MT22,1,8,1.623,10071.728,1003,20873,16349.787,2256067,1,3,1
MT22,1,9,1.377,10019.563,2470,18296,13796.296,1903717,1,3,1
MT22,1,10,0.717,6689.556,3909,11463,4799.462,662266,1,3,1
MT22,1,11,3.392,10071.03,1922,20597,34157.01,4713242,1,3,1
MT22,1,12,3.428,11780.023,1285,21507,40380.101,5571951,1,3,1
MT22,1,13,2.384,6486.763,560,12961,15466.215,2134145,1,3,1
MT22,1,14,3.544,8630.736,1747,20871,30585.586,4220430,1,3,1
MT22,1,15,0.239,5290.394,2594,9322,1265.208,174583,1,3,1
MT22,1,16,0.623,7323.023,3083,15705,4564.035,629780,1,3,1
MT22,1,17,2.334,8618.193,1476,16149,20110.931,2775058,1,3,1
MT22,1,18,0.478,6809.227,2278,12314,3256.881,449409,1,3,1
MT22,1,19,1.413,8191.733,2072,16789,11576.32,1597388,1,3,1
MT22,1,20,1.805,7199.414,2639,12623,12991.419,1792654,1,3,1
MT22,1,21,1.29,7473.41,2389,13545,9640.486,1330267,1,3,1
MT22,1,22,2.087,10456.972,1836,21411,21825.216,3011608,1,3,1
MT22,1,23,1.355,7819.005,644,17563,10596.275,1462154,1,3,1
MT22,1,24,2.783,10312.302,2418,19559,28697.691,3959924,1,3,1
MT22,1,25,1.826,9461.679,448,19888,17279.407,2384343,1,3,1
MT22,1,26,1.565,8950.907,1268,17136,14011.38,1933396,1,3,1
MT22,1,27,0.754,6615.365,2410,13777,4985.943,687998,1,3,1
MT22,1,28,0.957,8270.78,3718,15280,7911.895,1091743,1,3,1
MT22,1,34,1.145,9393.234,1606,16951,10755.543,1484131,2,3,1
MT22,1,35,4.805,12077.347,2107,23386,58029.013,8007281,2,3,1
MT22,1,36,3.435,8086.335,2081,16460,27777.311,3832923,2,3,1
MT22,1,37,0.942,6823.323,143,13269,6428.348,887032,2,3,1
MT22,1,38,2.203,8726.234,303,18764,19224.742,2652775,2,3,1
MT22,1,39,2.167,10638.445,2290,21174,23052.044,3180895,2,3,1
MT22,1,40,1.602,8514.158,392,19676,13636.223,1881629,2,3,1
MT22,1,41,0.435,5892.383,1737,10970,2562.137,353543,2,3,1
MT22,1,42,0.529,5806.932,2080,10205,3072.06,423906,2,3,1
MT22,1,43,1.783,9774.683,989,20557,17426.008,2404572,2,3,1
MT22,1,44,1.66,10094.568,572,20643,16752.642,2311656,2,3,1
MT22,1,45,2.174,11476.14,711,22434,24950.382,3442842,2,3,1
MT22,1,46,1.891,14565.812,1462,30023,27550.871,3801677,2,3,1
MT22,1,47,1.848,7607.753,1582,14155,14059.073,1939977,2,3,1
MT22,1,48,1.348,9470.495,1130,17921,12765.732,1761512,2,3,1
MT22,1,49,0.341,6937.021,3979,10812,2362.822,326040,2,3,1
MT22,1,50,0.036,8341.8,5671,10899,302.266,41709,2,3,1
MT22,1,51,0.072,6150.9,3656,8807,445.758,61509,2,3,1
MT22,1,52,0.043,6354.167,4892,8686,276.293,38125,2,3,1
MT22,1,53,0.159,5946.182,3168,11040,948.028,130816,2,3,1
MT22,1,54,0.065,5493,3521,8840,358.271,49437,2,3,1
MT22,1,55,0.065,7418.111,2909,10500,483.834,66763,2,3,1
MT22,1,56,2.377,14038.899,793,27977,33370.831,4604759,2,3,1
MT22,1,57,1.522,9004.562,921,20108,13703.831,1890958,2,3,1
MT22,1,58,1.073,7278.412,1690,14485,7806.538,1077205,2,3,1
MT22,1,59,0.739,7857.471,1704,14508,5808.22,801462,2,3,1
MT22,1,60,1.058,9207.712,1375,18501,9742.372,1344326,2,3,1
MT22,1,61,1.544,9757.07,1020,17381,15061.185,2078256,2,3,1
MT22,1,62,1.123,8024.594,154,18484,9013.944,1243812,2,3,1
MT22,1,63,1.442,9665.603,1225,18493,13939.338,1923455,2,3,1
MT22,1,64,1.522,7988.257,1175,15589,12157.141,1677534,2,3,1
MT22,1,65,2.051,10678.77,1287,20527,21901.194,3022092,2,3,1
MT22,1,66,0.225,8524.323,5194,13004,1915.057,264254,2,3,1
MT22,1,67,1.747,10911.506,610,21234,19057.321,2629673,2,3,1
MT22,1,68,2.029,9754.796,1149,18211,19794.127,2731343,2,3,1
MT22,1,69,0.804,8539.468,4415,15085,6869.323,947881,2,3,1
MT22,1,70,2.218,9356.405,1187,18990,20748.684,2863060,2,3,1
MT22,1,71,1.978,9947.586,1277,20070,19680.696,2715691,2,3,1
MT22,1,72,0.029,5668.75,4236,6649,164.326,22675,2,3,1
MT22,1,73,1.58,8790.239,1407,17957,13887.282,1916272,2,3,1
MT22,1,74,0.072,6419.8,2784,9506,465.245,64198,2,3,1
MT22,1,75,1.776,9650.91,960,19328,17135.409,2364473,2,3,1
MT22,1,81,0.239,6246.515,3282,10393,1493.867,206135,3,3,1
MT22,1,82,0.043,6949.333,5135,9873,302.172,41696,3,3,1
MT22,1,83,0.072,6101.3,4081,8446,442.163,61013,3,3,1
MT22,1,84,0.812,4251.821,942,8839,3451.065,476204,3,3,1
MT22,1,85,0.188,6387.115,3470,9026,1203.478,166065,3,3,1
MT22,1,86,0.949,6055.26,1744,13447,5748.628,793239,3,3,1
MT22,1,87,0.152,7153.238,4355,10784,1088.634,150218,3,3,1
MT22,1,88,0.949,6370.351,1272,10900,6047.763,834516,3,3,1
MT22,1,89,0.761,5482.486,1065,11983,4171.833,575661,3,3,1
MT22,1,90,1.174,7472.543,1575,14077,8772.908,1210552,3,3,1
MT22,1,91,0.739,5597.363,1815,10638,4137.555,570931,3,3,1
MT22,1,92,1.696,8382.889,715,17420,14215.747,1961596,3,3,1
MT22,1,93,2.689,7543.806,1001,15138,20282.642,2798752,3,3,1
MT22,1,94,2.007,12133.773,2421,25948,24357.669,3361055,3,3,1
MT22,1,95,0.283,2728,1009,6556,771.026,106392,3,3,1
MT22,1,96,2.384,7381.976,1448,18263,17600.646,2428670,3,3,1
MT22,1,97,2.587,7555.602,1056,16192,19547.779,2697350,3,3,1
MT22,1,98,1.602,8807.738,709,19355,14106.418,1946510,3,3,1
MT22,1,99,1.022,10101.404,2332,17744,10321.932,1424298,3,3,1
MT22,1,100,0.558,6353.104,2771,10733,3545.168,489189,3,3,1
MT22,1,101,1.073,6212.311,928,12202,6663.08,919422,3,3,1
MT22,1,102,2.218,6103.19,1684,11600,13534.381,1867576,3,3,1
MT22,1,103,0.855,5999.839,2165,11379,5130.76,707981,3,3,1
MT22,1,104,2.435,8242.783,857,19098,20071.196,2769575,3,3,1
MT22,1,105,1.391,7787.984,733,16361,10836.435,1495293,3,3,1
MT22BG,0,29,5.566,139.493,105,501,776.382,107131,1,3,1
MT22BG,0,30,0.783,148.093,112,466,115.909,15994,1,3,1
MT22BG,0,31,4.355,179.454,105,600,781.607,107852,1,3,1
MT22BG,0,32,0.739,231.441,106,776,171.081,23607,1,3,1
MT22BG,0,33,2.942,151.236,107,548,444.982,61402,1,3,1
MT22BG,0,76,1.304,157.117,106,439,204.953,28281,2,3,1
MT22BG,0,77,1.594,159.468,110,759,254.248,35083,2,3,1
MT22BG,0,78,0.841,142.655,111,660,119.924,16548,2,3,1
MT22BG,0,79,0.152,144.571,110,339,22.002,3036,2,3,1
MT22BG,0,80,0.71,137.02,107,343,97.313,13428,2,3,1
MT22BG,0,106,2.58,138.705,109,500,357.851,49379,3,3,1
MT22BG,0,107,0.29,184.925,116,437,53.606,7397,3,3,1
MT22BG,0,108,2.884,138.533,105,412,399.572,55136,3,3,1
MT22BG,0,109,1.797,142.302,109,320,255.755,35291,3,3,1
MT22BG,0,110,3.247,139.536,111,453,453.026,62512,3,3,1
MT22BG,1,29,5.566,140.288,104,819,780.802,107741,1,3,1
MT22BG,1,30,0.783,138.972,106,823,108.771,15009,1,3,1
MT22BG,1,31,4.355,162.774,99,1185,708.955,97827,1,3,1
MT22BG,1,32,0.739,155.627,106,861,115.039,15874,1,3,1
MT22BG,1,33,2.942,172.64,105,1021,507.959,70092,1,3,1
MT22BG,1,76,1.304,166.956,110,1153,217.788,30052,2,3,1
MT22BG,1,77,1.594,151.6,110,667,241.703,33352,2,3,1
MT22BG,1,78,0.841,133.276,109,630,112.039,15460,2,3,1
MT22BG,1,79,0.152,166.857,110,794,25.394,3504,2,3,1
MT22BG,1,80,0.71,133.102,107,452,94.53,13044,2,3,1
MT22BG,1,106,2.58,143.006,108,903,368.946,50910,3,3,1
MT22BG,1,107,0.29,141.825,108,711,41.112,5673,3,3,1
MT22BG,1,108,2.884,156.746,106,1163,452.106,62385,3,3,1
MT22BG,1,109,1.797,158.044,106,763,284.047,39195,3,3,1
MT22BG,1,110,3.247,143.324,110,715,465.325,64209,3,3,1
WT,0,1,1.326,0.169,0,3,0.225,31,1,3,1
WT,0,2,1.377,0.158,0,3,0.217,30,1,3,1
WT,0,3,1.065,0.15,0,3,0.159,22,1,3,1
WT,0,4,2.094,0.232,0,7,0.486,67,1,3,1
WT,0,5,1.065,0.177,0,3,0.188,26,1,3,1
WT,0,6,1.203,0.163,0,3,0.196,27,1,3,1
WT,0,7,1.007,0.165,0,3,0.167,23,1,3,1
WT,0,8,1.16,0.15,0,3,0.174,24,1,3,1
WT,0,9,1.051,0.172,0,3,0.181,25,1,3,1
WT,0,10,1.131,0.224,0,3,0.254,35,1,3,1
WT,0,11,1.174,0.191,0,3,0.225,31,1,3,1
WT,0,12,1.805,0.253,0,5,0.457,63,1,3,1
WT,0,13,1.652,0.193,0,3,0.319,44,1,3,1
WT,0,14,1.355,0.171,0,3,0.232,32,1,3,1
WT,0,15,1.304,0.228,0,3,0.297,41,1,3,1
WT,0,16,1.138,0.287,0,5,0.326,45,1,3,1
WT,0,17,1.16,0.181,0,2,0.21,29,1,3,1
WT,0,18,1.768,0.258,0,7,0.457,63,1,3,1
WT,0,19,1.674,0.169,0,3,0.283,39,1,3,1
WT,0,20,1.428,0.223,0,3,0.319,44,1,3,1
WT,0,21,0.986,0.184,0,3,0.181,25,1,3,1
WT,0,22,1.768,0.197,0,3,0.348,48,1,3,1
WT,0,23,1.203,0.151,0,3,0.181,25,1,3,1
WT,0,24,1.058,0.137,0,3,0.145,20,1,3,1
WT,0,25,0.652,0.289,0,3,0.188,26,1,3,1
WT,0,26,0.145,0.3,0,2,0.043,6,1,3,1
WT,0,27,0.029,0.5,0,2,0.014,2,1,3,1
WT,0,28,4.167,0.226,0,7,0.942,130,1,3,1
WT,0,29,0.949,0.145,0,3,0.138,19,1,3,1
WT,0,30,1.819,0.227,0,3,0.413,57,1,3,1
WT,0,31,1.949,0.193,0,3,0.377,52,1,3,1
WT,0,32,1.819,0.183,0,3,0.333,46,1,3,1
WT,0,33,1.225,0.178,0,3,0.217,30,1,3,1
WT,0,34,1.478,0.206,0,3,0.304,42,1,3,1
WT,0,35,2.783,0.185,0,3,0.515,71,1,3,1
WT,0,36,1.674,0.221,0,3,0.37,51,1,3,1
WT,0,37,0.638,0.216,0,3,0.138,19,1,3,1
WT,0,38,1.66,0.21,0,3,0.348,48,1,3,1
WT,0,39,1.138,0.191,0,3,0.217,30,1,3,1
WT,0,40,1.189,0.177,0,3,0.21,29,1,3,1
WT,0,41,1.036,0.217,0,3,0.225,31,1,3,1
WT,0,42,1.703,0.217,0,3,0.37,51,1,3,1
WT,0,43,1.631,0.182,0,3,0.297,41,1,3,1
WT,0,44,1.355,0.193,0,3,0.261,36,1,3,1
WT,0,45,0.725,0.24,0,3,0.174,24,1,3,1
WT,0,46,0.203,0.214,0,2,0.043,6,1,3,1
WT,0,47,0.203,0.179,0,1,0.036,5,1,3,1
WT,0,48,0.319,0.205,0,2,0.065,9,1,3,1
WT,0,49,0.043,0.333,0,2,0.014,2,1,3,1
WT,0,50,1.268,0.211,0,3,0.268,37,1,3,1
WT,0,51,2.892,0.253,0,5,0.732,101,1,3,1
WT,0,52,1.007,0.223,0,3,0.225,31,1,3,1
WT,0,53,1.123,0.2,0,3,0.225,31,1,3,1
WT,0,54,0.978,0.178,0,3,0.174,24,1,3,1
WT,0,55,0.819,0.195,0,3,0.159,22,1,3,1
WT,0,56,2.247,1.016,0,23,2.283,315,1,3,1
WT,0,57,1.602,0.172,0,3,0.275,38,1,3,1
WT,0,58,0.029,0.25,0,1,0.007,1,1,3,1
WT,0,59,2.348,0.179,0,3,0.42,58,1,3,1
WT,0,60,1.435,0.369,0,7,0.529,73,1,3,1
WT,0,61,1.703,0.221,0,3,0.377,52,1,3,1
WT,0,62,4.225,0.201,0,5,0.848,117,1,3,1
WT,0,63,1.362,0.144,0,2,0.196,27,1,3,1
WT,0,64,0.899,0.185,0,3,0.167,23,1,3,1
WT,0,65,0.957,0.242,0,3,0.232,32,1,3,1
WT,0,66,3.37,0.277,0,10,0.935,129,1,3,1
WT,0,67,0.029,0.5,0,2,0.014,2,1,3,1
WT,0,68,0.71,0.184,0,3,0.13,18,1,3,1
WT,0,69,1.21,0.156,0,2,0.188,26,1,3,1
WT,0,70,1.37,0.159,0,3,0.217,30,1,3,1
WT,0,76,2,107.471,85,384,214.961,29662,2,3,1
WT,0,77,4.109,109.217,81,468,448.78,61926,2,3,1
WT,0,78,3.334,135.774,84,1250,452.621,62456,2,3,1
WT,0,79,2.892,105.524,81,384,305.129,42104,2,3,1
WT,0,80,1.333,105.707,85,384,140.955,19450,2,3,1
WT,0,81,2.254,164.817,84,2262,371.468,51258,2,3,1
WT,0,82,1.239,108.854,85,388,134.896,18614,2,3,1
WT,0,83,2.573,107.265,83,388,275.96,38079,2,3,1
WT,0,84,2.674,264.916,84,4015,708.426,97754,2,3,1
WT,0,85,1.319,103.901,81,384,137.041,18910,2,3,1
WT,0,86,1.196,110.867,85,485,132.57,18293,2,3,1
WT,0,87,2.225,258.912,84,4238,576.037,79486,2,3,1
WT,0,88,2.623,267.091,84,4718,700.694,96687,2,3,1
WT,0,89,1.094,108.497,85,392,118.728,16383,2,3,1
WT,0,90,1.493,115.617,85,468,172.603,23817,2,3,1
WT,0,91,1.986,231.102,84,4015,458.896,63322,2,3,1
WT,0,92,0.935,106.659,85,388,99.712,13759,2,3,1
WT,0,93,2.036,108.381,81,575,220.708,30455,2,3,1
WT,0,94,0.993,110.007,85,388,109.22,15071,2,3,1
WT,0,95,2,107.928,81,384,215.875,29788,2,3,1
WT,0,96,2.058,122.722,85,1075,252.581,34853,2,3,1
WT,0,97,1.319,106.841,85,278,140.919,19445,2,3,1
WT,0,98,1.413,119.164,85,1075,168.399,23237,2,3,1
WT,0,99,1.652,123.899,84,1258,204.721,28249,2,3,1
WT,0,100,2.29,179.43,85,3289,410.907,56700,2,3,1
WT,0,101,1.007,108.273,85,278,109.068,15050,2,3,1
WT,0,102,2.421,107.763,84,575,260.842,35993,2,3,1
WT,0,103,2.174,112.59,84,468,244.783,33777,2,3,1
WT,0,104,1.689,108.815,81,388,183.741,25354,2,3,1
WT,0,105,2.529,130.338,85,961,329.653,45488,2,3,1
WT,0,106,1.891,105.069,81,384,198.735,27423,2,3,1
WT,0,107,2.638,104.72,81,575,276.242,38118,2,3,1
WT,0,108,2.044,111.17,85,432,227.194,31350,2,3,1
WT,0,109,2.457,109.466,85,388,268.93,37109,2,3,1
WT,0,110,1.993,106.193,85,384,211.635,29203,2,3,1
WT,0,111,3.152,402.329,84,6523,1268.325,175013,2,3,1
WT,0,112,1.573,106.378,81,384,167.29,23084,2,3,1
WT,0,113,1.507,132.981,85,1127,200.453,27660,2,3,1
WT,0,114,2.457,105.088,81,575,258.175,35625,2,3,1
WT,0,115,2.036,109.794,84,388,223.585,30852,2,3,1
WT,0,121,1.602,5100.484,577,8973,8168.904,1127207,3,3,1
WT,0,122,1.442,2839.94,305,6048,4095.645,565148,3,3,1
WT,0,123,1.833,4146.091,181,9378,7601.853,1048961,3,3,1
WT,0,124,1.797,5668.169,424,10248,10187.195,1405706,3,3,1
WT,0,125,2.392,3317.733,695,6262,7934.426,1094852,3,3,1
WT,0,126,2.899,4404.307,230,8927,12767.261,1761723,3,3,1
WT,0,127,2.341,3877.932,366,8600,9077.428,1252572,3,3,1
WT,0,128,2.58,4581.699,439,9952,11820.523,1631085,3,3,1
WT,0,129,2.08,4031.303,259,7509,8384.699,1156984,3,3,1
WT,0,130,1.725,3694.538,196,6730,6372.314,879300,3,3,1
WT,0,131,1.457,4176.751,550,7988,6084.078,839527,3,3,1
WT,0,132,2.406,5549.762,1650,9229,13352.807,1842521,3,3,1
WT,0,133,1.341,2150.686,668,4341,2883.427,397877,3,3,1
WT,0,134,5.486,5623.223,507,13601,30849.016,4256780,3,3,1
WT,0,135,2.674,4341.198,219,10286,11609.033,1601902,3,3,1
WT,0,136,1.942,5746.948,417,11605,11161.746,1540182,3,3,1
WT,0,137,1.254,3628.751,902,7118,4549.498,627774,3,3,1
WT,0,138,1.138,3600.223,248,6821,4096.275,565235,3,3,1
WT,0,139,1.819,5899.625,460,12119,10731.447,1480806,3,3,1
WT,0,140,3.102,5718.895,595,11753,17738.463,2447687,3,3,1
WT,0,141,2.529,3672.026,388,7712,9287.338,1281537,3,3,1
WT,0,142,2.123,5277.485,661,9905,11206.106,1546303,3,3,1
WT,0,143,1.949,5786.216,391,13120,11279.946,1556492,3,3,1
WT,0,144,1.565,4894.296,124,10735,7661.329,1057168,3,3,1
WT,0,145,2.174,3938.38,194,7345,8562.468,1181514,3,3,1
WT,1,1,1.326,121.497,78,710,161.13,22234,1,3,1
WT,1,2,1.377,121.968,79,710,167.943,23174,1,3,1
WT,1,3,1.065,116.456,79,641,124.062,17119,1,3,1
WT,1,4,2.094,139.121,77,1899,291.374,40206,1,3,1
WT,1,5,1.065,123.381,77,710,131.439,18137,1,3,1
WT,1,6,1.203,121.446,80,710,146.1,20160,1,3,1
WT,1,7,1.007,120.799,79,641,121.685,16791,1,3,1
WT,1,8,1.16,117.6,78,641,136.36,18816,1,3,1
WT,1,9,1.051,123.979,79,710,130.28,17977,1,3,1
WT,1,10,1.131,135.135,80,765,152.775,21081,1,3,1
WT,1,11,1.174,125.012,78,641,146.767,20252,1,3,1
WT,1,12,1.805,142.526,82,1274,257.19,35489,1,3,1
WT,1,13,1.652,126.39,79,765,208.838,28817,1,3,1
WT,1,14,1.355,120.679,79,710,163.544,22567,1,3,1
WT,1,15,1.304,135.9,79,765,177.277,24462,1,3,1
WT,1,16,1.138,149.408,82,1274,169.994,23457,1,3,1
WT,1,17,1.16,124.106,79,572,143.904,19857,1,3,1
WT,1,18,1.768,143.963,77,1870,254.566,35127,1,3,1
WT,1,19,1.674,121.961,78,873,204.171,28173,1,3,1
WT,1,20,1.428,134.538,77,710,192.075,26504,1,3,1
WT,1,21,0.986,125.162,79,641,123.359,17022,1,3,1
WT,1,22,1.768,128.635,79,792,227.463,31387,1,3,1
WT,1,23,1.203,119.193,78,873,143.39,19786,1,3,1
WT,1,24,1.058,113.438,79,710,120.025,16562,1,3,1
WT,1,25,0.652,143.267,84,710,93.443,12894,1,3,1
WT,1,26,0.145,141.45,86,572,20.502,2829,1,3,1
WT,1,27,0.029,210.75,86,572,6.109,843,1,3,1
WT,1,28,4.167,136.937,78,1870,570.624,78739,1,3,1
WT,1,29,0.949,115.649,79,641,109.793,15150,1,3,1
WT,1,30,1.819,134.876,77,765,245.341,33854,1,3,1
WT,1,31,1.949,127.182,78,765,247.935,34212,1,3,1
WT,1,32,1.819,123.167,78,710,224.042,30915,1,3,1
WT,1,33,1.225,122.047,82,710,149.477,20626,1,3,1
WT,1,34,1.478,130.446,78,873,192.851,26611,1,3,1
WT,1,35,2.783,127.57,78,873,355.01,48987,1,3,1
WT,1,36,1.674,132.385,79,873,221.621,30581,1,3,1
WT,1,37,0.638,130.25,79,710,83.065,11462,1,3,1
WT,1,38,1.66,130.598,78,873,216.737,29907,1,3,1
WT,1,39,1.138,123.465,78,641,140.476,19384,1,3,1
WT,1,40,1.189,122.402,78,710,145.477,20074,1,3,1
WT,1,41,1.036,130.587,80,710,135.331,18674,1,3,1
WT,1,42,1.703,133.979,78,873,228.173,31485,1,3,1
WT,1,43,1.631,124.556,78,873,203.098,28025,1,3,1
WT,1,44,1.355,127.866,78,873,173.284,23911,1,3,1
WT,1,45,0.725,131.86,80,641,95.559,13186,1,3,1
WT,1,46,0.203,130.107,82,572,26.401,3643,1,3,1
WT,1,47,0.203,112.679,82,279,22.864,3155,1,3,1
WT,1,48,0.319,127.977,82,572,40.808,5631,1,3,1
WT,1,49,0.043,175.833,86,572,7.646,1055,1,3,1
WT,1,50,1.268,130.383,77,765,165.356,22817,1,3,1
WT,1,51,2.892,141.358,79,1318,408.747,56402,1,3,1
WT,1,52,1.007,130.353,80,641,131.309,18119,1,3,1
WT,1,53,1.123,126.613,79,641,142.223,19625,1,3,1
WT,1,54,0.978,124.741,79,710,122.04,16840,1,3,1
WT,1,55,0.819,126.637,80,710,103.705,14310,1,3,1
WT,1,56,2.247,324.684,77,5928,729.428,100652,1,3,1
WT,1,57,1.602,121.643,79,710,194.822,26883,1,3,1
WT,1,58,0.029,112,90,167,3.247,448,1,3,1
WT,1,59,2.348,125.639,79,765,295.005,40707,1,3,1
WT,1,60,1.435,168.48,77,1870,241.754,33359,1,3,1
WT,1,61,1.703,134.451,77,765,228.977,31596,1,3,1
WT,1,62,4.225,129.702,78,1347,547.991,75616,1,3,1
WT,1,63,1.362,116.75,79,572,159.065,21949,1,3,1
WT,1,64,0.899,123.952,79,641,111.387,15370,1,3,1
WT,1,65,0.957,136.439,80,765,130.519,18010,1,3,1
WT,1,66,3.37,148.559,77,2433,500.625,69080,1,3,1
WT,1,67,0.029,212.75,86,572,6.167,851,1,3,1
WT,1,68,0.71,122.112,80,641,86.725,11967,1,3,1
WT,1,69,1.21,119.186,79,576,144.245,19904,1,3,1
WT,1,70,1.37,117.148,79,710,160.457,22141,1,3,1
WT,1,76,2,133.736,87,744,267.495,36911,2,3,1
WT,1,77,4.109,149.945,85,2852,616.135,85019,2,3,1
WT,1,78,3.334,206.58,85,2632,688.664,95027,2,3,1
WT,1,79,2.892,125.674,85,1487,363.395,50144,2,3,1
WT,1,80,1.333,125.353,85,709,167.153,23065,2,3,1
WT,1,81,2.254,269.566,85,4694,607.555,83835,2,3,1
WT,1,82,1.239,150.117,85,1135,186.031,25670,2,3,1
WT,1,83,2.573,135.727,85,1487,349.184,48183,2,3,1
WT,1,84,2.674,406.537,85,6664,1087.142,150012,2,3,1
WT,1,85,1.319,132.291,87,709,174.487,24077,2,3,1
WT,1,86,1.196,153.139,85,1134,183.118,25268,2,3,1
WT,1,87,2.225,631.062,83,10953,1404.011,193736,2,3,1
WT,1,88,2.623,584.188,83,10953,1532.573,211476,2,3,1
WT,1,89,1.094,135.702,85,709,148.499,20491,2,3,1
WT,1,90,1.493,186.422,85,3902,278.308,38403,2,3,1
WT,1,91,1.986,516.252,83,10953,1025.114,141453,2,3,1
WT,1,92,0.935,124.039,85,668,115.96,16001,2,3,1
WT,1,93,2.036,127.705,86,1487,260.06,35885,2,3,1
WT,1,94,0.993,142.788,85,722,141.766,19562,2,3,1
WT,1,95,2,124.949,86,744,249.921,34486,2,3,1
WT,1,96,2.058,188.754,83,2825,388.484,53606,2,3,1
WT,1,97,1.319,126.852,86,709,167.312,23087,2,3,1
WT,1,98,1.413,170.108,85,2825,240.391,33171,2,3,1
WT,1,99,1.652,192.974,85,3099,318.855,43998,2,3,1
WT,1,100,2.29,420.392,85,7218,962.725,132844,2,3,1
WT,1,101,1.007,126.302,87,709,127.229,17556,2,3,1
WT,1,102,2.421,137.317,85,1707,332.378,45864,2,3,1
WT,1,103,2.174,150.577,85,1707,327.37,45173,2,3,1
WT,1,104,1.689,122.412,87,668,206.7,28522,2,3,1
WT,1,105,2.529,279.874,85,3966,707.861,97676,2,3,1
WT,1,106,1.891,120.579,85,709,228.071,31471,2,3,1
WT,1,107,2.638,131.816,85,1487,347.72,47981,2,3,1
WT,1,108,2.044,162.333,87,2259,331.755,45778,2,3,1
WT,1,109,2.457,141.183,87,2259,346.85,47861,2,3,1
WT,1,110,1.993,136.96,85,744,272.952,37664,2,3,1
WT,1,111,3.152,707.432,83,10245,2230.151,307733,2,3,1
WT,1,112,1.573,125.673,87,709,197.634,27271,2,3,1
WT,1,113,1.507,252.236,83,4405,380.215,52465,2,3,1
WT,1,114,2.457,129.678,85,1487,318.587,43961,2,3,1
WT,1,115,2.036,140.53,85,1707,286.178,39489,2,3,1
WT,1,121,1.602,4516.62,1823,10477,7233.791,998173,3,3,1
WT,1,122,1.442,5722.472,2343,14398,8252.716,1138772,3,3,1
WT,1,123,1.833,6484.708,2043,14904,11889.703,1640631,3,3,1
WT,1,124,1.797,5788.669,1542,12282,10403.765,1435590,3,3,1
WT,1,125,2.392,4952.167,1494,10535,11843.207,1634215,3,3,1
WT,1,126,2.899,6129.27,2303,11959,17767.604,2451708,3,3,1
WT,1,127,2.341,6601.248,1938,14592,15452.141,2132203,3,3,1
WT,1,128,2.58,5574.556,1481,13322,14382.037,1984542,3,3,1
WT,1,129,2.08,5466.366,2879,12110,11369.483,1568847,3,3,1
WT,1,130,1.725,4591.038,1648,9814,7918.591,1092667,3,3,1
WT,1,131,1.457,5381.259,1421,10634,7838.628,1081633,3,3,1
WT,1,132,2.406,4908.946,2281,9904,11810.993,1629770,3,3,1
WT,1,133,1.341,4133.416,1279,8656,5541.674,764682,3,3,1
WT,1,134,5.486,5683.787,923,15279,31181.271,4302627,3,3,1
WT,1,135,2.674,7042.003,1784,15777,18831.402,2598499,3,3,1
WT,1,136,1.942,6663.063,1924,15193,12941.03,1785701,3,3,1
WT,1,137,1.254,5050.434,1523,11300,6331.912,873725,3,3,1
WT,1,138,1.138,4643.331,2201,9537,5283.107,729003,3,3,1
WT,1,139,1.819,7599.566,2523,15880,13823.646,1907491,3,3,1
WT,1,140,3.102,6389.21,2530,14587,19817.6,2734582,3,3,1
WT,1,141,2.529,5315.438,1890,11137,13443.88,1855088,3,3,1
WT,1,142,2.123,5575.399,1125,11330,11838.692,1633592,3,3,1
WT,1,143,1.949,6418.164,2414,16754,12511.897,1726486,3,3,1
WT,1,144,1.565,6451.963,2496,12604,10099.636,1393624,3,3,1
WT,1,145,2.174,5902.337,2144,12495,12832.325,1770701,3,3,1
WTBG,0,71,0.652,0.144,0,3,0.094,13,1,3,1
WTBG,0,72,1.942,0.179,0,3,0.348,48,1,3,1
WTBG,0,73,1.522,0.162,0,3,0.246,34,1,3,1
WTBG,0,74,0.659,0.143,0,3,0.094,13,1,3,1
WTBG,0,75,1.848,0.192,0,3,0.355,49,1,3,1
WTBG,0,116,2.319,109.672,84,392,254.335,35095,2,3,1
WTBG,0,117,1.16,104.644,84,278,121.337,16743,2,3,1
WTBG,0,118,3.819,106.713,83,388,407.559,56238,2,3,1
WTBG,0,119,2.754,108.779,84,388,299.563,41336,2,3,1
WTBG,0,120,0.507,101.029,85,238,51.251,7072,2,3,1
WTBG,0,146,2.377,107.921,79,725,256.53,35398,3,3,1
WTBG,0,147,8.022,103.72,81,613,832.09,114818,3,3,1
WTBG,0,148,2.276,104.608,76,403,238.043,32847,3,3,1
WTBG,0,149,1.275,104.557,78,303,133.36,18402,3,3,1
WTBG,0,150,5.892,105.355,80,409,620.737,85654,3,3,1
WTBG,1,71,0.652,115.978,79,641,75.645,10438,1,3,1
WTBG,1,72,1.942,124.896,78,873,242.573,33472,1,3,1
WTBG,1,73,1.522,120.167,78,710,182.879,25235,1,3,1
WTBG,1,74,0.659,115.527,79,641,76.188,10513,1,3,1
WTBG,1,75,1.848,126.875,78,873,234.463,32353,1,3,1
WTBG,1,116,2.319,128.997,85,722,299.15,41279,2,3,1
WTBG,1,117,1.16,119.088,85,709,138.085,19054,2,3,1
WTBG,1,118,3.819,144.531,85,1707,551.992,76168,2,3,1
WTBG,1,119,2.754,136.916,85,1707,377.049,52028,2,3,1
WTBG,1,120,0.507,140.329,89,709,71.188,9823,2,3,1
WTBG,1,146,2.377,119.948,81,855,285.12,39343,3,3,1
WTBG,1,147,8.022,127.859,74,1514,1025.745,141540,3,3,1
WTBG,1,148,2.276,133.462,80,881,303.701,41907,3,3,1
WTBG,1,149,1.275,128.006,79,891,163.268,22529,3,3,1
WTBG,1,150,5.892,126.05,82,1071,742.668,102479,3,3,1
